AmWell,https://www.zoominfo.com/c/amwell-inc/2835766,$8.2 M,8200000.0,97,,$5M - $10M
Center on Budget and Policy Priorities,https://www.zoominfo.com/c/center-on-budget-and-policy-priorities/7340583,$50.3 M,50300000.0,557,,$50M - $100M
Neo Philanthropy Inc.,https://www.zoominfo.com/c/neo-philanthropy-inc/371793508,$50M,50000000.0,265,,$50M - $100M
Black Mountain Energy Storage,https://www.zoominfo.com/c/black-mountain-storage/475220371,<$5 M,4000000.0,287,,$1M - $5M
REV Renewables,https://www.zoominfo.com/c/rev-lng-llc/372126051,$5.3 M,5300000.0,97,,$5M - $10M
Wartsila Energy Storage & Optimisation,https://www.zoominfo.com/c/energy-storage-technologies-inc/346776618,$5.6 M,5600000.0,174,,$5M - $10M
Biglari Holdings,https://www.zoominfo.com/c/biglari-holdings-inc/107971008,$357.2 M,357200000.0,190,,$100M - $500M
Caviar,https://www.zoominfo.com/c/caviar/371686664,$20.8 M,20800000.0,97,,$10M - $50M
Delivery.com,https://www.zoominfo.com/c/delivery/49448767,$183.2 M,183200000.0,97,,$100M - $500M
Dickey's Capital Group,https://www.zoominfo.com/c/the-capital-group-llc/355939623,$23.2 M,23200000.0,163,,$10M - $50M
Drizly,https://www.zoominfo.com/c/drizly/357328420,$56.8 M,56800000.0,97,,$50M - $100M
FAT Brands,https://www.zoominfo.com/c/fat-brands-inc/13992658,$407.2 M,407200000.0,188,,$100M - $500M
Kelly Restaurant Group,https://www.zoominfo.com/c/kelly-group-sa-pty-ltd/359341507,$10.1 M,10100000.0,170,,$10M - $50M
"Opici Family Distributing,",https://www.zoominfo.com/c/opici-family-distributing/546991571,$188.7 M,188700000.0,278,,$100M - $500M
Ruth's Hospitality Group,https://www.zoominfo.com/c/ruths-hospitality-group-inc/33440371,$468 M,468000000.0,169,,$100M - $500M
Wine.com,https://www.zoominfo.com/c/wine-company-limited/371979578,$5.2 M,5200000.0,91,,$5M - $10M
Bath & Body Works,https://www.zoominfo.com/c/bath-body-works-inc/11012254,$7.9 B,7900000000.0,291,,$500M+
Ben & Jerry’s,https://www.zoominfo.com/c/ben-jerry/348449821,$18.7 M,18700000.0,97,,$10M - $50M
La Senza,https://www.zoominfo.com/c/la-senza/51300256,$422.2 M,422200000.0,194,,$100M - $500M
Flock Safety,https://www.zoominfo.com/c/flock-safety/19628848,$105 M,105000000.0,193,,$100M - $500M
Integrated Healthcare Association,https://www.zoominfo.com/c/integrated-healthcare-association/124191626,$17.9 M,17900000.0,268,,$10M - $50M
Broad Reach Power,https://www.zoominfo.com/c/broad-reach-power-llc/479396191,$40.2 M,40200000.0,283,,$10M - $50M
EnerG,https://www.zoominfo.com/c/ener--g-foods-inc/12943709,$14.5 M,14500000.0,0,,$10M - $50M
Hydrostor,https://www.zoominfo.com/c/hydrostor-inc/347917469,$37.1 M,37100000.0,97,,$10M - $50M
Key Capture Energy,https://www.zoominfo.com/c/key-capture-energy-inc/456953199,$13 M,13000000.0,272,,$10M - $50M
Leeward Renewable Energy,https://www.zoominfo.com/c/leeward-renewable-energy-llc/371227410,$22.5 M,22500000.0,271,,$10M - $50M
Pine Gate Renewables,https://www.zoominfo.com/c/pine-gate-renewables-llc/397584031,$9.3 M,9300000.0,287,,$5M - $10M
Flaviar,https://www.zoominfo.com/c/flaviar-inc/357407339,$18.4 M,18400000.0,97,,$10M - $50M
National Association of Convenience Stores,https://www.zoominfo.com/c/national-association-of-convenience-stores/26345569,$13.2 M,13200000.0,426,,$10M - $50M
Reserve Bar,https://www.zoominfo.com/c/reserve-online/410030074,$9.3 M,9300000.0,97,,$5M - $10M
Wine & Spirits Wholesalers of America,https://www.zoominfo.com/c/wine-spirits-wholesalers-of-america-inc/131858542,$11.7 M,11700000.0,446,,$10M - $50M
Wine Institute,https://www.zoominfo.com/c/wine-institute/45273713,$11 M,11000000.0,180,,$10M - $50M
Winebow,https://www.zoominfo.com/c/winebow/42304452,$246.3 M,246300000.0,97,,$100M - $500M
Power to Decide,https://www.zoominfo.com/c/power/435788215,$6.8 M,6800000.0,89,,$5M - $10M
Hecate Grid LLC,https://www.zoominfo.com/c/hecate-energy-llc/374389478,<$5 M,4000000.0,185,,$1M - $5M
Jupiter Power LLC,https://www.zoominfo.com/c/jupiter-power-llc/538550294,$5.3 M,5300000.0,274,,$5M - $10M
Plus Power,https://www.zoominfo.com/c/plus-power/546200644,<$5 M,4000000.0,185,,$1M - $5M
Council of State Restaurant Associations,https://www.zoominfo.com/c/council-of-state-restaurant-associations/351479013,<$5 M,4000000.0,457,,$1M - $5M
Craftsshack,https://www.zoominfo.com/c/craftshack-inc/363401960,<$5 M,4000000.0,0,,$1M - $5M
Mash&Grape,https://www.zoominfo.com/c/mash-grape/397945437,<$5 M,4000000.0,194,,$1M - $5M
National Association of Wine Retailers,https://www.zoominfo.com/c/national-association-of-wine-retailers/359500774,<$5 M,4000000.0,421,,$1M - $5M
Saucey,https://www.zoominfo.com/c/saucey-inc/359420117,$5.3 M,5300000.0,97,,$5M - $10M
Spirits Network,https://www.zoominfo.com/c/intrepid-spirits/412129407,<$5 M,4000000.0,92,,$1M - $5M
The Wine and Spirits Shippers Association,https://www.zoominfo.com/c/wine-and-spirits-shippers-association-inc/131858594,$6.7 M,6700000.0,434,,$5M - $10M
Uptown Spirits,https://www.zoominfo.com/c/uptown-spirits/458260448,<$5 M,4000000.0,189,,$1M - $5M
Altice,https://www.zoominfo.com/c/altice-usa/1249679854,$29.8 M,29800000.0,97,,$10M - $50M
Salesforce,https://www.zoominfo.com/c/salesforce/478305639,$5M,5000000.0,96,,$5M - $10M
US Cellular,https://www.zoominfo.com/c/cellular-one-llc/7226007,$106.3 M,106300000.0,97,,$100M - $500M
Windstream,https://www.zoominfo.com/c/windstream-intellectual-property-services-llc/190857276,$4.1 B,4100000000.0,97,,$500M+
AARP,https://www.zoominfo.com/c/aarp/1260225345,<$5 M,4000000.0,97,,$1M - $5M
Aetna,https://www.zoominfo.com/c/aetna-inc/688376,$36.6 B,36600000000.0,97,,$500M+
Amerisource Bergen,https://www.zoominfo.com/c/amerisourcebergen/9867169,$229.7 B,229700000000.0,0,,$500M+
Becton Dickinson,https://www.zoominfo.com/c/becton-dickinson-co/1283978492,<$5 M,4000000.0,194,,$1M - $5M
Bloomberg Philanthropies,https://www.zoominfo.com/c/bloomberg-philanthropies/348059767,$31.6 M,31600000.0,193,,$10M - $50M
Cardinal Health,https://www.zoominfo.com/c/cardinal-health-inc/4276923,$40.1 M,40100000.0,181,,$10M - $50M
Emergent Biosolutions,https://www.zoominfo.com/c/emergent-biosolutions-inc/28559811,$1.1 B,1100000000.0,194,,$500M+
Health Care Service Corporation,https://www.zoominfo.com/c/health-care-service-corporation/465355928,$6.5 M,6500000.0,365,,$5M - $10M
Kaiser Permanente,https://www.zoominfo.com/c/kaiser-permanente/30147212,$95.4 B,95400000000.0,194,,$500M+
Merck,https://www.zoominfo.com/c/merck-co-inc/1193460748,$8.7 M,8700000.0,94,,$5M - $10M
Novo Nordisk,https://www.zoominfo.com/c/novo-nordisk/1160879438,$52.9 M,52900000.0,193,,$50M - $100M
PhRMA,https://www.zoominfo.com/c/phrma/30425205,$12.4 M,12400000.0,97,,$10M - $50M
"The Freedom Forum, Inc.",https://www.zoominfo.com/c/freedom-forum-inc/47419660,<$5 M,4000000.0,265,,$1M - $5M
AES Clean Energy,https://www.zoominfo.com/c/aes-clean-technology-inc/2068322,$67.9 M,67900000.0,191,,$50M - $100M
Ameresco,https://www.zoominfo.com/c/ameresco/1524107,$1.2 B,1200000000.0,97,,$500M+
BayWa r.e.,https://www.zoominfo.com/c/baywa-ag/8653907,$23.3 B,23300000000.0,97,,$500M+
Blackstone Inc.,https://www.zoominfo.com/c/blackstone-inc/345411714,<$5 M,4000000.0,170,,$1M - $5M
Brookfield Renewable,https://www.zoominfo.com/c/brookfield-renewable-partners/559690744,$3.4 B,3400000000.0,193,,$500M+
EDP Renewables,https://www.zoominfo.com/c/edp-sa/356149872,$18.4 B,18400000000.0,97,,$500M+
Engie North America,https://www.zoominfo.com/c/engie-north-america-inc/545402912,$240.9 M,240900000.0,286,,$100M - $500M
Fidelity Investments,https://www.zoominfo.com/c/fidelity-investments-inc/60049735,$29.4 B,29400000000.0,193,,$500M+
Fluence,https://www.zoominfo.com/c/fluence-energy-inc/438570069,$984 M,984000000.0,97,,$500M+
GE Renewables,https://www.zoominfo.com/c/ge-renewable-energy/413559015,$13.3 B,13300000000.0,97,,$500M+
Invenergy,https://www.zoominfo.com/c/invenergy-llc/20037971,$1.2 B,1200000000.0,97,,$500M+
NextEra Energy Resources,https://www.zoominfo.com/c/nextera-energy-resources-llc/555922573,$25.4 M,25400000.0,272,,$10M - $50M
Pattern Energy,https://www.zoominfo.com/c/pattern-energy-group-inc/353787384,$334.1 M,334100000.0,174,,$100M - $500M
PIMCO,https://www.zoominfo.com/c/pimco/559690727,$212.2 M,212200000.0,97,,$100M - $500M
Southern Power Company,https://www.zoominfo.com/c/southern-power/536094972,$354 M,354000000.0,185,,$100M - $500M
SunGrow,https://www.zoominfo.com/c/sungrow-power-supply-co-ltd/357676228,$3.8 B,3800000000.0,97,,$500M+
Tenaska,https://www.zoominfo.com/c/tenaska-inc/56460040,$7.7 B,7700000000.0,97,,$500M+
ABC Fine Wine & Spirits,https://www.zoominfo.com/c/abc-fine-wine-spirits/283102,$333.3 M,333300000.0,377,,$100M - $500M
Albertsons Companies - Safeway,https://www.zoominfo.com/c/albertsons-companies-inc/1114181,$76.8 B,76800000000.0,190,,$500M+
Bacardi Limited,https://www.zoominfo.com/c/bacardi-ltd/13831721,$4 B,4000000000.0,97,,$500M+
Bloomin' Brands,https://www.zoominfo.com/c/bloomin-brands-inc/348805066,$4.4 B,4400000000.0,188,,$500M+
Boston Beer,https://www.zoominfo.com/c/boston-beer-co-inc/5259869,$2.1 B,2100000000.0,191,,$500M+
Breakthru Beverage Group,https://www.zoominfo.com/c/breakthru-beverage-group/372089407,$4 B,4000000000.0,267,,$500M+
Brown Forman,https://www.zoominfo.com/c/brown--forman-corp/18059309,$4 B,4000000000.0,193,,$500M+
Campari Group,https://www.zoominfo.com/c/campari-deutschland-gmbh/6407585,$2.3 B,2300000000.0,97,,$500M+
Constellation Brands,https://www.zoominfo.com/c/constellation-brands-inc/55611300,$9.6 B,9600000000.0,188,,$500M+
Costco Wholesale,https://www.zoominfo.com/c/costco-wholesale-corp/345283492,$217.5 B,217500000000.0,194,,$500M+
Dine Brands,https://www.zoominfo.com/c/dine/31640400,$9.6 M,9600000.0,97,,$5M - $10M
Empire Distributors,https://www.zoominfo.com/c/empire-distributors/483342554,<$5 M,4000000.0,194,,$1M - $5M
FedEx Corporations,https://www.zoominfo.com/c/fedex-corp/1154386788,$158.4 M,158400000.0,96,,$100M - $500M
Giant Eagle,https://www.zoominfo.com/c/giant-eagle-inc/49843804,$10 B,10000000000.0,194,,$500M+
Golden Gate Capital,https://www.zoominfo.com/c/golden-gate-capital-inc/50910859,$1.9 B,1900000000.0,283,,$500M+
H.E. Butt Grocery,https://www.zoominfo.com/c/heb/48187827,$38.9 B,38900000000.0,0,,$500M+
Harris Teeter,https://www.zoominfo.com/c/harris-teeter-llc/53807173,$6.8 B,6800000000.0,194,,$500M+
Heidelberg Distributing Co.,https://www.zoominfo.com/c/heidelberg-distributing-co/54675823,$1.2 B,1200000000.0,280,,$500M+
Heineken,https://www.zoominfo.com/c/the-heineken-co/54691561,$346.1 M,346100000.0,97,,$100M - $500M
Instacart,https://www.zoominfo.com/c/instacart/354601224,$1.8 B,1800000000.0,96,,$500M+
Johnson Brothers,https://www.zoominfo.com/c/johnson-brothers-liquor/52447706,$2.6 B,2600000000.0,187,,$500M+
Landry's,https://www.zoominfo.com/c/landry/369724186,<$5 M,4000000.0,97,,$1M - $5M
McDermott Will & Emery,https://www.zoominfo.com/c/mcdermott-will-emery-llp/64325533,$477.1 M,477100000.0,288,,$100M - $500M
MGP Ingredients,https://www.zoominfo.com/c/mgp-ingredients-inc/57919759,$782.4 M,782400000.0,194,,$500M+
PEPSICO,https://www.zoominfo.com/c/pepsico-inc/458212841,$1.9 B,1900000000.0,96,,$500M+
Pernod Ricard,https://www.zoominfo.com/c/pernod-ricard/350619888,$11.4 B,11400000000.0,194,,$500M+
Publix Super Markets,https://www.zoominfo.com/c/publix-super-markets-inc/168624621,$48 B,48000000000.0,290,,$500M+
Republic National Distributing Co.,https://www.zoominfo.com/c/republic-national-distributing-co/95913167,$9.2 B,9200000000.0,364,,$500M+
Reyes Beer Division,https://www.zoominfo.com/c/reyes-holdings-llc/81789264,$40 B,40000000000.0,97,,$500M+
Safeway,https://www.zoominfo.com/c/safeway-inc/18008595,$26.9 B,26900000000.0,96,,$500M+
Sam's Club,https://www.zoominfo.com/c/arizona-good-sam-club/6278895,$10M,10000000.0,193,,$10M - $50M
Seamless,https://www.zoominfo.com/c/seamless-ai/429601687,$20 M,20000000.0,97,,$10M - $50M
Southern Glazer’s Wine & Spirits,https://www.zoominfo.com/c/the-wine-group-llc/358009540,$228.1 M,228100000.0,91,,$100M - $500M
Starbucks,https://www.zoominfo.com/c/starbucks-corp/36487399,$31.3 B,31300000000.0,96,,$500M+
The Yucaipa Companies,https://www.zoominfo.com/c/the-yucaipa-companies/353753665,$5.1 M,5100000.0,259,,$5M - $10M
Walgreen Co.,https://www.zoominfo.com/c/walgreen-co/540954982,<$5 M,4000000.0,185,,$1M - $5M
Wegmans Food Market,https://www.zoominfo.com/c/wegmans-food-markets/80658458,$11.3 B,11300000000.0,193,,$500M+
WinCo Foods,https://www.zoominfo.com/c/winco-foods/81608845,$4.3 B,4300000000.0,194,,$500M+
AbbVie,https://www.zoominfo.com/c/abbvie-inc/560159760,$108.5 M,108500000.0,97,,$100M - $500M
Avon,https://www.zoominfo.com/c/avon-products-inc/355478361,$5.7 B,5700000000.0,97,,$500M+
Johnson & Johnson,https://www.zoominfo.com/c/johnson-johnson-services-inc/20775334,$94.9 B,94900000000.0,182,,$500M+
Macy’s,https://www.zoominfo.com/c/federated-department-stores-inc/43259632,$19.8 M,19800000.0,0,,$10M - $50M
Merck,https://www.zoominfo.com/c/merck-co-inc/1193460748,$8.7 M,8700000.0,94,,$5M - $10M
Pfizer,https://www.zoominfo.com/c/pfizer-inc/30245334,$100.3 B,100300000000.0,96,,$500M+
AXON,https://www.zoominfo.com/c/axon-international-inc/352227051,$6.6 M,6600000.0,97,,$5M - $10M
Altarum,https://www.zoominfo.com/c/altarum-institute/1409060,$61.9 M,61900000.0,97,,$50M - $100M
Foundation for Smoke Free World,https://www.zoominfo.com/c/truth-initiative/370229405,$11.3 M,11300000.0,0,,$10M - $50M
Accelergy Corporation,https://www.zoominfo.com/c/accelergy/460837,$9.8 M,9800000.0,97,,$5M - $10M
Bank of America ,https://www.zoominfo.com/c/bank-of-america-corp/12161677,$95 B,95000000000.0,259,,$500M+
Energy Vault,https://www.zoominfo.com/c/energy-vault-holdings-inc/461169222,$42.9 M,42900000.0,175,,$10M - $50M
Form Energy,https://www.zoominfo.com/c/form-energy/447289381,$85.3 M,85300000.0,175,,$50M - $100M
Naked Wines,https://www.zoominfo.com/c/naked-wines-plc/353675274,$419.7 M,419700000.0,194,,$100M - $500M
Ole Smoky,https://www.zoominfo.com/c/ole-smoky-distillery-llc/28755224,$401.1 M,401100000.0,194,,$100M - $500M
SPB Hospitality,https://www.zoominfo.com/c/spb-hospitality-llc/483255681,$37.2 M,37200000.0,193,,$10M - $50M
Willamette Valley Vineyard,https://www.zoominfo.com/c/willamette-valley-vineyards-inc/42205947,$32.3 M,32300000.0,193,,$10M - $50M
CREDO Mobile,https://www.zoominfo.com/c/credo-mobile-inc/345359765,$23.1 M,23100000.0,191,,$10M - $50M
United Way,https://www.zoominfo.com/c/united-way-worldwide/52248935,$266.1 M,266100000.0,191,,$100M - $500M
Just Impact Advisors,https://www.zoominfo.com/c/impact-advisors/355753778,$7.7 M,7700000.0,192,,$5M - $10M
Future 500,https://www.zoominfo.com/c/future-500/48205294,<$5 M,4000000.0,191,,$1M - $5M
AJB Capital,https://www.zoominfo.com/c/ajb-capital/359704899,$5.9 M,5900000.0,187,,$5M - $10M
"Brix Holdings, LLC",https://www.zoominfo.com/c/brix-holdings-llc/363710896,$5.4 M,5400000.0,278,,$5M - $10M
Taster's Club,https://www.zoominfo.com/c/taster-wine-a-s/351600918,$13.3 M,13300000.0,184,,$10M - $50M
CleanCapital,https://www.zoominfo.com/c/cleancapital-llc/438570430,<$5 M,4000000.0,97,,$1M - $5M
MillersCoors,https://www.zoominfo.com/c/molson-coors-beverage-co/512900787,$10.6 B,10600000000.0,0,,$500M+
Amazon AWS,https://www.zoominfo.com/c/amazon-web-services-inc/354518601,$477.7 B,477700000000.0,96,,$500M+
AMD,https://www.zoominfo.com/c/amd-inc/540383821,<$5 M,4000000.0,97,,$1M - $5M
Association for Accessible Medicines,https://www.zoominfo.com/c/association-for-accessible-medicines/407211030,$20.3 M,20300000.0,354,,$10M - $50M
Cisco,https://www.zoominfo.com/c/cisco-systems-inc/13207636,$53.2 B,53200000000.0,96,,$500M+
Computer and Communications Industry Association,https://www.zoominfo.com/c/computer-communications-industry-association/9175229,<$5 M,4000000.0,357,,$1M - $5M
Deepmind,https://www.zoominfo.com/c/deepmind/358254363,$210.1 M,210100000.0,97,,$100M - $500M
Dish,https://www.zoominfo.com/c/dish-network-llc/11452565,$16.7 B,16700000000.0,97,,$500M+
Frontier,https://www.zoominfo.com/c/frontier-airlines/47781304,$3.3 B,3300000000.0,96,,$500M+
IBM,https://www.zoominfo.com/c/ibm-corp/476578147,$14.5 M,14500000.0,97,,$10M - $50M
Intel,https://www.zoominfo.com/c/intel-corp/19513364,$69.5 B,69500000000.0,96,,$500M+
Lumen,https://www.zoominfo.com/c/lumen-technologies/61949294,$17.5 B,17500000000.0,97,,$500M+
Meta,https://www.zoominfo.com/c/meta-platforms/559324152,$116.6 B,116600000000.0,97,,$500M+
Micron Technology,https://www.zoominfo.com/c/micron-technology-inc/90883103,$27.2 B,27200000000.0,192,,$500M+
National Association of Homebuilders,https://www.zoominfo.com/c/national-association-of-home-builders/54985956,$158.9 M,158900000.0,233,,$100M - $500M
National Association of Realtors,https://www.zoominfo.com/c/national-association-of-realtors/354200258,$69.2 M,69200000.0,330,,$50M - $100M
NICE,https://www.zoominfo.com/c/nice/356904057,<$5 M,4000000.0,97,,$1M - $5M
Open AI,https://www.zoominfo.com/c/open-ai/455911822,<$5 M,4000000.0,190,,$1M - $5M
Open Philanthropy,https://www.zoominfo.com/c/open-philanthropy-project/372211013,$12 M,12000000.0,189,,$10M - $50M
Oracle,https://www.zoominfo.com/c/oracle-corp/67421650,$46.1 B,46100000000.0,96,,$500M+
Palantir,https://www.zoominfo.com/c/palantir-technologies-inc/51495762,$1.9 B,1900000000.0,97,,$500M+
Patreon,https://www.zoominfo.com/c/patreon/357410905,$91.8 M,91800000.0,97,,$50M - $100M
Reddit,https://www.zoominfo.com/c/reddit/42812595,$447.1 M,447100000.0,97,,$100M - $500M
Tesla,https://www.zoominfo.com/c/tesla-inc/104333869,$74.9 B,74900000000.0,97,,$500M+
Wireless Industry Association,https://www.zoominfo.com/c/wireless-infrastructure-association/378616112,$11 M,11000000.0,171,,$10M - $50M
Yahoo,https://www.zoominfo.com/c/yahoo/43041459,$5.2 B,5200000000.0,97,,$500M+
Advanced Care at Home Coalition,https://www.zoominfo.com/c/advanced-home-care/348084242,<$5 M,4000000.0,289,,$1M - $5M
American Academy of Hospice and Palliative Medicine,https://www.zoominfo.com/c/american-academy-of-hospice-and-palliative-medicine/4786206,<$5 M,4000000.0,627,,$1M - $5M
American Medical Association,https://www.zoominfo.com/c/american-medical-association/1458530,$459.7 M,459700000.0,256,,$100M - $500M
ANICO,https://www.zoominfo.com/c/anico-promotions/2999039,<$5 M,4000000.0,97,,$1M - $5M
ASHP,https://www.zoominfo.com/c/ashp/2622505,$46 M,46000000.0,97,,$10M - $50M
Association of Public Health Laboratories (APHL),https://www.zoominfo.com/c/association-of-public-health-laboratories/4752171,$33.5 M,33500000.0,422,,$10M - $50M
Best Buy/Current Health,https://www.zoominfo.com/c/best-buy/4506176,$47.9 B,47900000000.0,193,,$500M+
California Mental Health Services Authority,https://www.zoominfo.com/c/california-mental-health-services-authority/514228647,<$5 M,4000000.0,458,,$1M - $5M
Cambia Health Solutions,https://www.zoominfo.com/c/cambia-health-solutions-inc/12502784,$4.2 B,4200000000.0,274,,$500M+
Cigna,https://www.zoominfo.com/c/cigna/1158937883,$69.4 M,69400000.0,97,,$50M - $100M
Coalition for Epidemic Preparedness Innovations,https://www.zoominfo.com/c/coalition-for-epidemic-preparedness-innovations/408592313,$7.1 M,7100000.0,472,,$5M - $10M
Djarum PT,https://www.zoominfo.com/c/pt-djarum/425185189,$8.9 B,8900000000.0,194,,$500M+
Doxy.me,https://www.zoominfo.com/c/doxyme-llc/371523789,$9.2 M,9200000.0,0,,$5M - $10M
Drug Policy Alliance,https://www.zoominfo.com/c/drug-policy-alliance/37457751,$15.5 M,15500000.0,282,,$10M - $50M
DynamiCare Health,https://www.zoominfo.com/c/dynamicare-health-inc/442160285,<$5 M,4000000.0,181,,$1M - $5M
EmblemHealth,https://www.zoominfo.com/c/emblemhealth-inc/344813307,$5.8 B,5800000000.0,97,,$500M+
Excela Health,https://www.zoominfo.com/c/excel-health/461161688,<$5 M,4000000.0,84,,$1M - $5M
Foundation for Opioid Response Efforts,https://www.zoominfo.com/c/the-foundation-for-opioid-response-efforts/467865796,$2.2 M,2200000.0,377,,$1M - $5M
Health Services Advisory Group,https://www.zoominfo.com/c/health-services-advisory-group-inc/46500176,$44.5 M,44500000.0,340,,$10M - $50M
Humana,https://www.zoominfo.com/c/humana-inc/18415727,$92.9 B,92900000000.0,97,,$500M+
JTI (Japan Tobacco Inc),https://www.zoominfo.com/c/japan-tobacco-inc/73650114,$20.1 M,20100000.0,266,,$10M - $50M
Medical Device Innovation Consortium,https://www.zoominfo.com/c/medical-device-innovation-consortium/358075875,$5.6 M,5600000.0,383,,$5M - $10M
OpiSafe,https://www.zoominfo.com/c/opisafe-inc/447243734,<$5 M,4000000.0,97,,$1M - $5M
Pfizer,https://www.zoominfo.com/c/pfizer-inc/30245334,$100.3 B,100300000000.0,96,,$500M+
Purchaser Business Group on Health,https://www.zoominfo.com/c/pacific-business-group-on-health/60654469,$15.5 M,15500000.0,346,,$10M - $50M
Qwark,https://www.zoominfo.com/c/qwark/453086699,<$5 M,4000000.0,97,,$1M - $5M
Rite-Aid,https://www.zoominfo.com/c/rite-aid-corp/32899972,$24.6 B,24600000000.0,194,,$500M+
RxPharmacy,https://www.zoominfo.com/c/rx-pharmacy/473273916,$6.2 M,6200000.0,0,,$5M - $10M
Sesame,https://www.zoominfo.com/c/sesame/461500867,$24.4 M,24400000.0,97,,$10M - $50M
Swishers/Ziegler Family,https://www.zoominfo.com/c/ziegler-co-inc/43303325,$54.3 M,54300000.0,97,,$50M - $100M
Tobacco-Related Disease Research Program of California,https://www.zoominfo.com/c/tobacco-companies/16599085,$30.6 M,30600000.0,96,,$10M - $50M
Virginia Pharmacists Association,https://www.zoominfo.com/c/virginia-pharmacists-association/207995008,$47.5 M,47500000.0,268,,$10M - $50M
AON,https://www.zoominfo.com/c/aon-plc/425133175,$127.7 M,127700000.0,96,,$100M - $500M
Charles Taylor,https://www.zoominfo.com/c/charles-taylor-plc/354129173,<$5 M,4000000.0,193,,$1M - $5M
Markel,https://www.zoominfo.com/c/markel-international-ltd/23823765,$4.3 B,4300000000.0,97,,$500M+
Marsh Wortham,https://www.zoominfo.com/c/marsh-wortham/538721688,<$5 M,4000000.0,193,,$1M - $5M
Skyward Insurance,https://www.zoominfo.com/c/skyward-inc/87982232,$125.5 M,125500000.0,97,,$100M - $500M
The American Tort Reform Association,https://www.zoominfo.com/c/american-tort-reform-association/1999309,<$5 M,4000000.0,354,,$1M - $5M
8 Rivers ,https://www.zoominfo.com/c/8-rivers/371761122,<$5 M,4000000.0,194,,$1M - $5M
Actuate Corporation,https://www.zoominfo.com/c/actuate/476757214,$5 M,5000000.0,97,,$5M - $10M
Allianz,https://www.zoominfo.com/c/allianz-technology-ltd/463880867,$6.7 M,6700000.0,97,,$5M - $10M
Alternative Investment Management Association,https://www.zoominfo.com/c/the-alternative-investment-management-association-ltd/1869356,<$5 M,4000000.0,355,,$1M - $5M
Amazon,https://www.zoominfo.com/c/amazoncom-inc/1475361,$477.7 B,477700000.0,1000,,$100M - $500M
American Exploration and Production Council,https://www.zoominfo.com/c/american-exploration-co/363134747,$14.4 M,14400000.0,183,,$10M - $50M
American Farm Bureau,https://www.zoominfo.com/c/american-farm-bureau-federation/3179838,$26 M,26000000.0,276,,$10M - $50M
American Gas Association,https://www.zoominfo.com/c/american-gas-association/1753163,$114.8 M,114800000.0,257,,$100M - $500M
American Petroleum Institute,https://www.zoominfo.com/c/api-american-petroleum-institute/7901187,$240.4 M,240400000.0,272,,$100M - $500M
Anglo American PLC,https://www.zoominfo.com/c/anglo-american-plc/555972625,$2.1 B,2100000000.0,279,,$500M+
Apex Clean Energy,https://www.zoominfo.com/c/apex-clean-energy/1287161070,<$5 M,4000000.0,269,,$1M - $5M
Barclays,https://www.zoominfo.com/c/barclays-plc/356015964,$10.9 B,10900000000.0,97,,$500M+
Bayer,https://www.zoominfo.com/c/bayer-ag/4128773,$53.2 B,53200000000.0,97,,$500M+
Bechtel National,https://www.zoominfo.com/c/bechtel-national-inc/551415467,<$5 M,4000000.0,182,,$1M - $5M
BioAccelergy,https://www.zoominfo.com/c/accelergy/460837,$9.8 M,9800000.0,0,,$5M - $10M
Black Rock,https://www.zoominfo.com/c/black-rock-machinery-llc/358822754,<$5 M,4000000.0,193,,$1M - $5M
Bloomberg,https://www.zoominfo.com/c/bloomberg-lp/18796172,$11 B,11000000000.0,96,,$500M+
Breakthrough,https://www.zoominfo.com/c/breakthrough/556718323,<$5 M,4000000.0,97,,$1M - $5M
Breckinridge Capital Advisors ,https://www.zoominfo.com/c/breckinridge-capital-advisors-inc/5472425,$79.4 M,79400000.0,282,,$50M - $100M
Brown Advisory ,https://www.zoominfo.com/c/brown-advisory-inc/18059325,$321.5 M,321500000.0,192,,$100M - $500M
Calpine,https://www.zoominfo.com/c/calpine-corp/6341023,$2.8 B,2800000000.0,97,,$500M+
Capital Group,https://www.zoominfo.com/c/capital-group/346020909,$32.3 M,32300000.0,163,,$10M - $50M
Cargiill,https://www.zoominfo.com/c/cargill-inc/21403020,$165 B,165000000000.0,0,,$500M+
CBRE,https://www.zoominfo.com/c/cbre-group-inc/1252995949,$20.7 M,20700000.0,97,,$10M - $50M
Ceres,https://www.zoominfo.com/c/ceres-community-center-inc/7421962,<$5 M,4000000.0,97,,$1M - $5M
Charles Schwab,https://www.zoominfo.com/c/charles-schwab-corp/154239344,$20.8 B,20800000000.0,192,,$500M+
Cheniere Energy,https://www.zoominfo.com/c/cheniere-energy-inc/7750504,$33.4 B,33400000000.0,175,,$500M+
Citi,https://www.zoominfo.com/c/citi-trends/401743701,$914.4 M,914400000.0,97,,$500M+
Clean Energy Buyer Assocation (CEBA),https://www.zoominfo.com/c/clean-energy-solutions/369147662,<$5 M,4000000.0,172,,$1M - $5M
Comcast,https://www.zoominfo.com/c/comcast-corp/8929846,$121.4 B,121400000000.0,96,,$500M+
Corteva,https://www.zoominfo.com/c/corteva-agriscience/559691755,<$5 M,4000000.0,97,,$1M - $5M
Danone,https://www.zoominfo.com/c/danone/1239902959,$50.9 M,50900000.0,97,,$50M - $100M
Dow,https://www.zoominfo.com/c/dow-material-sciences/44534402,$56.9 B,56900000000.0,97,,$500M+
Edison Energy,https://www.zoominfo.com/c/edison-energy-llc/374861272,$147.9 M,147900000.0,173,,$100M - $500M
Enel,https://www.zoominfo.com/c/enel-spa/12943661,$106.1 B,106100000000.0,97,,$500M+
General Mills,https://www.zoominfo.com/c/general-mills-inc/1128294042,$79.7 M,79700000.0,193,,$50M - $100M
Glencore PLC,https://www.zoominfo.com/c/glencore-plc/21366670,$203.8 B,203800000000.0,193,,$500M+
Goldman Sachs,https://www.zoominfo.com/c/the-goldman-sachs-group-inc/49744985,$47.4 B,47400000000.0,191,,$500M+
Guidehouse,https://www.zoominfo.com/c/guidehouse-inc/454287729,$3.5 B,3500000000.0,97,,$500M+
Hannon Armstrong ,https://www.zoominfo.com/c/hannon-armstrong-sustainable-infrastructure-capital-inc/17138607,$155.5 M,155500000.0,194,,$100M - $500M
Hartford Financial Services Group ,https://www.zoominfo.com/c/the-hartford-financial-services-group-inc/22922051,$21.9 B,21900000000.0,350,,$500M+
Invesco,https://www.zoominfo.com/c/invesco-ltd/20054213,$6 B,6000000000.0,97,,$500M+
JPMorgan,https://www.zoominfo.com/c/jpmorgan-chase-co/12227700,$123.7 B,123700000000.0,96,,$500M+
Lockheed Martin,https://www.zoominfo.com/c/lockheed-martin/21712070,$66 B,66000000000.0,192,,$500M+
LS Power ,https://www.zoominfo.com/c/ls-power-control-%C2%A9/400696901,<$5 M,4000000.0,186,,$1M - $5M
Lyft,https://www.zoominfo.com/c/lyft-inc/357686568,$4.1 B,4100000000.0,97,,$500M+
McKinsey & Company,https://www.zoominfo.com/c/mckinsey-company/359336998,<$5 M,4000000.0,184,,$1M - $5M
Meketa Investment Group,https://www.zoominfo.com/c/meketa-investment-group-inc/24461999,$37.8 M,37800000.0,264,,$10M - $50M
MetLife Investment Management,https://www.zoominfo.com/c/metlife-investments-asia/559785894,$24.1 M,24100000.0,96,,$10M - $50M
Modern Energy,https://www.zoominfo.com/c/modern-energy/465222639,$5.3 M,5300000.0,175,,$5M - $10M
Morgan Stanley,https://www.zoominfo.com/c/morgan-stanley/64144030,$50.2 B,50200000000.0,193,,$500M+
National Farmers Union,https://www.zoominfo.com/c/national-farmers-union/193594010,$23.9 M,23900000.0,279,,$10M - $50M
New York Life Insurance Company,https://www.zoominfo.com/c/new-york-life-insurance-company/368448169,<$5 M,4000000.0,465,,$1M - $5M
Nori,https://www.zoominfo.com/c/nori-inc/197771963,<$5 M,4000000.0,97,,$1M - $5M
NRC ,https://www.zoominfo.com/c/nrc/430193529,$6.3 M,6300000.0,97,,$5M - $10M
Nuclear Energy Institute ,https://www.zoominfo.com/c/nuclear-energy-institute/51203067,$54.3 M,54300000.0,263,,$50M - $100M
Nuclear Innovation Alliance,https://www.zoominfo.com/c/the-nuclear-innovation-alliance/398510002,<$5 M,4000000.0,282,,$1M - $5M
NuScale Power ,https://www.zoominfo.com/c/nuscale-power-llc/354988181,<$5 M,4000000.0,186,,$1M - $5M
Orsted,https://www.zoominfo.com/c/orsted-sales-gmbh/461070401,$42.2 M,42200000.0,97,,$10M - $50M
Pattern,https://www.zoominfo.com/c/pattern-research-inc/90784408,$241.6 M,241600000.0,96,,$100M - $500M
Philanthropy California,https://www.zoominfo.com/c/philanthropy/507372748,$7.9 M,7900000.0,95,,$5M - $10M
SAP,https://www.zoominfo.com/c/sap-ag/65536388,$30.9 B,30900000000.0,97,,$500M+
Schneider Electric,https://www.zoominfo.com/c/schneider-electric/464610519,$19.9 M,19900000.0,190,,$10M - $50M
Schwab Asset Management,https://www.zoominfo.com/c/charles-schwab-corp/154239344,$20.8 B,20800000000.0,96,,$500M+
Securities Industry and Financial Markets Association ,https://www.zoominfo.com/c/securities-industry-and-financial-markets-association/218513807,<$5 M,4000000.0,534,,$1M - $5M
Shell,https://www.zoominfo.com/c/royal-dutch-shell/37934049,$440.8 B,440800000000.0,96,,$500M+
State Street Global Advisors,https://www.zoominfo.com/c/state-street-global-advisors/563074641,$12.1 B,12100000000.0,379,,$500M+
Syngenta,https://www.zoominfo.com/c/syngenta-crop-protection-ag/110215256,$14.3 B,14300000000.0,97,,$500M+
T. Rowe Price,https://www.zoominfo.com/c/t-rowe-price/107331721,$6.5 B,6500000000.0,289,,$500M+
TotalEnergies ,https://www.zoominfo.com/c/totalenergies-se/551257307,$254.7 B,254700000000.0,97,,$500M+
Transatomic Power,https://www.zoominfo.com/c/transatomic-power-corporation/347134426,<$5 M,4000000.0,186,,$1M - $5M
Trillium Asset Management,https://www.zoominfo.com/c/trillium-management-llc/135807185,$9.6 M,9600000.0,187,,$5M - $10M
UBS,https://www.zoominfo.com/c/ubs-ag/123355319,$34.6 B,34600000000.0,97,,$500M+
Vanguard Group,https://www.zoominfo.com/c/the-vanguard-group-inc/151945299,$10.3 B,10300000000.0,169,,$500M+
Vistra ,https://www.zoominfo.com/c/vistra-corp/508191971,$13.7 B,13700000000.0,97,,$500M+
Wellington Management ,https://www.zoominfo.com/c/wellington-management-company-llp/157155360,$611.4 M,611400000.0,187,,$500M+
Westinghouse ,https://www.zoominfo.com/c/westinghouse-electric-corp/565806969,$827.3 M,827300000.0,97,,$500M+
Acxiom,https://www.zoominfo.com/c/acxiom-llc/426461,$878 M,878000000.0,97,,$500M+
Akamai,https://www.zoominfo.com/c/akamai-technologies/2903082,$3.5 B,3500000000.0,97,,$500M+
Bumble,https://www.zoominfo.com/c/bumble-bumble-llc/16467746,$206.9 M,206900000.0,97,,$100M - $500M
Caraid ,https://www.zoominfo.com/c/cariad/552831932,$1.1 B,1100000000.0,0,,$500M+
Ciena,https://www.zoominfo.com/c/ciena-corp/8110529,$3.8 B,3800000000.0,97,,$500M+
Claroty,https://www.zoominfo.com/c/claroty-ltd/450693604,$140 M,140000000.0,97,,$100M - $500M
Cyvatar.ai,https://www.zoominfo.com/c/cyvatarai-inc/483242716,<$5 M,4000000.0,0,,$1M - $5M
Discord,https://www.zoominfo.com/c/discord/372111522,$189 M,189000000.0,97,,$100M - $500M
DXC,https://www.zoominfo.com/c/dxc-technology-co/403255842,$15.8 B,15800000000.0,97,,$500M+
Epic Games ,https://www.zoominfo.com/c/epic-games-south-africa/450475574,<$5 M,4000000.0,194,,$1M - $5M
Globe Telecom.,https://www.zoominfo.com/c/globe-telecom-inc/372145530,$3.1 B,3100000000.0,192,,$500M+
iProov ,https://www.zoominfo.com/c/iproov-ltd/416370168,$20.5 M,20500000.0,97,,$10M - $50M
Juniper Networks,https://www.zoominfo.com/c/juniper-networks-inc/1234571660,<$5 M,4000000.0,193,,$1M - $5M
Lewis Silkin ,https://www.zoominfo.com/c/lewis-silkin/70585438,$63.8 M,63800000.0,191,,$50M - $100M
LiveRamp,https://www.zoominfo.com/c/liveramp-holdings-inc/356417556,$528.7 M,528700000.0,97,,$500M+
Mitre ,https://www.zoominfo.com/c/mitre-10-australia-pty-ltd/79037379,$4.4 B,4400000000.0,97,,$500M+
Omidyar Network,https://www.zoominfo.com/c/omidyar-network-llc/28803545,$96 M,96000000.0,186,,$50M - $100M
OT Cybersecurity Coalition – ,https://www.zoominfo.com/c/cybersecurity-coalition/457584263,<$5 M,4000000.0,191,,$1M - $5M
Peraton,https://www.zoominfo.com/c/peraton-labs/563923526,$8.5 M,8500000.0,97,,$5M - $10M
Public Interest Registry ,https://www.zoominfo.com/c/public-register/353859794,<$5 M,4000000.0,93,,$1M - $5M
QuantivRisk,https://www.zoominfo.com/c/quantiv-ltd/31802524,<$5 M,4000000.0,0,,$1M - $5M
scythe,https://www.zoominfo.com/c/scythe-inc/454951068,$10.9 M,10900000.0,97,,$10M - $50M
Seagate ,https://www.zoominfo.com/c/seagate-technology-llc/106676542,$10.6 B,10600000000.0,97,,$500M+
SecurityScorecard,https://www.zoominfo.com/c/securityscorecard/363756576,$90.8 M,90800000.0,97,,$50M - $100M
Shell ,https://www.zoominfo.com/c/royal-dutch-shell/37934049,$440.8 B,440800000000.0,96,,$500M+
Stanley Center for Peace and Security,https://www.zoominfo.com/c/stanley-center-for-peace-and-security/1135142781,$5M,5000000.0,547,,$5M - $10M
TripAdvisors,https://www.zoominfo.com/c/tripadvisor-llc/147161092,$1.5 B,1500000000.0,0,,$500M+
United Parcel Services.,https://www.zoominfo.com/c/united-parcel-service-of-america-inc/40059389,$100.3 B,100300000000.0,190,,$500M+
VectraAI,https://www.zoominfo.com/c/vectra-inc/358721601,$134.6 M,134600000.0,0,,$100M - $500M
WorkDay,https://www.zoominfo.com/c/workday-inc/178962500,$6.2 B,6200000000.0,96,,$500M+
Center For Reproductive Rights,https://www.zoominfo.com/c/center-for-reproductive-rights/14551754,$28.8 M,28800000.0,373,,$10M - $50M
Current Health,https://www.zoominfo.com/c/current-health/354065197,$18.9 M,18900000.0,180,,$10M - $50M
March of Dimes,https://www.zoominfo.com/c/march-of-dimes/23741854,$56.3 M,56300000.0,268,,$50M - $100M
UnitedHealthcare,https://www.zoominfo.com/c/unitedhealthcare-global/282083424,$88.4 B,88400000000.0,97,,$500M+
Brennan Center for Law,https://www.zoominfo.com/c/brennan-center-for-justice/16994368,$46.7M,46700000.0,1000,,$10M - $50M
Cellebrite,https://www.zoominfo.com/c/cellebrite-ltd/14190591,$255.3 M,255300000.0,97,,$100M - $500M
CivicEye,https://www.zoominfo.com/c/civic-eye-collaborative/459637053,<$5 M,4000000.0,0,,$1M - $5M
Coca-Cola,https://www.zoominfo.com/c/coca--cola-bottling-co/55217257,$89.7 M,89700000.0,194,,$50M - $100M
"Deason Capital Services, LLC",https://www.zoominfo.com/c/capital-services/358914428,$8.1 M,8100000.0,177,,$5M - $10M
Emerson Collective ,https://www.zoominfo.com/c/emerson-collective-llc/356093956,$7 M,7000000.0,194,,$5M - $10M
Federal Law Enforcement Officers Association,https://www.zoominfo.com/c/federal-law-enforcement-officers-association/37703976,$14.7 M,14700000.0,459,,$10M - $50M
FedEx,https://www.zoominfo.com/c/fedex-corp/1154386788,$158.4 M,158400000.0,96,,$100M - $500M
Motorola Solutions,https://www.zoominfo.com/c/motorola-solutions-inc/368072001,$9 M,9000000.0,190,,$5M - $10M
Open Society ,https://www.zoominfo.com/c/open-society-institute/88310623,$149.3 M,149300000.0,189,,$100M - $500M
The California Endowment ,https://www.zoominfo.com/c/the-california-endowment/6259310,$363.7 M,363700000.0,258,,$100M - $500M
Verizon Frontline,https://www.zoominfo.com/c/frontline-llc/355631630,$10M,10000000.0,97,,$10M - $50M
Snowflake ,https://www.zoominfo.com/c/snowflake-inc/367752085,$1.6 B,1600000000.0,97,,$500M+
Siegel Family Endowment,https://www.zoominfo.com/c/siegel-family-endowment-inc/409112840,<$5 M,4000000.0,279,,$1M - $5M
Pivotal Ventures,https://www.zoominfo.com/c/pivotal-bioventure-partners-llc/417888739,<$5 M,4000000.0,97,,$1M - $5M
Multistate,https://www.zoominfo.com/c/multistate-insurance/374920574,<$5 M,4000000.0,97,,$1M - $5M
Gordon & MacPhail,https://www.zoominfo.com/c/gordon-macphail/16417443,$21.4 M,21400000.0,194,,$10M - $50M
Good Food Institute,https://www.zoominfo.com/c/the-good-food-institute/46648252,$13 M,13000000.0,282,,$10M - $50M
Hunter Public Relations,https://www.zoominfo.com/c/hunter-public-relations/51152449,$21.7 M,21700000.0,287,,$10M - $50M
Michter’s Distillery,https://www.zoominfo.com/c/warners-distillery-limited/358146822,$14.4M,14400000.0,97,,$10M - $50M
Wagstaff Worldwide ,https://www.zoominfo.com/c/wagstaff-worldwide-inc/41288730,$20.4 M,20400000.0,194,,$10M - $50M
The Marshall Project,https://www.zoominfo.com/c/the-marshall-project-inc/358569059,$5.9 M,5900000.0,263,,$5M - $10M
Hinman & Carmichael LLP,https://www.zoominfo.com/c/herrington-carmichael-llp/23429623,$19.9 M,19900000.0,185,,$10M - $50M
Nosotros,https://www.zoominfo.com/c/nosotros-tequila/456191214,<$5 M,4000000.0,97,,$1M - $5M
"Precision Distribution Consulting, LLC",https://www.zoominfo.com/c/precision-consulting-services-llc/369463519,<$5 M,4000000.0,280,,$1M - $5M
Georgia Academy of Family Physicians (GAFP) ,https://www.zippia.com/zoominfo-careers-1207011/revenue/,$1.1 B,1100000000.0,0,,$500M+
Busch Gardens ,https://www.zoominfo.com/c/busch-gardens/9570322,$927.9 M,927900000.0,194,,$500M+
DHL,https://www.zoominfo.com/c/dhl-supply-chain/468729268,$184.9 M,184900000.0,97,,$100M - $500M
Diageo,https://www.zoominfo.com/c/diageo-plc/11207159,$16.9 B,16900000000.0,97,,$500M+
Moët Hennessy USA,https://www.zoominfo.com/c/mot-hennessy-usa/52645646,$311.6 M,311600000.0,194,,$100M - $500M
Target,https://www.zoominfo.com/c/target-corp/37536530,$107 B,107000000000.0,96,,$500M+
Weber Shandwick,https://www.zoominfo.com/c/weber-shandwick-inc/106086704,$490 M,490000000.0,194,,$100M - $500M
Capco,https://www.zoominfo.com/c/capco-inc/344952602,$21.9 M,21900000.0,97,,$10M - $50M
Skyy Vodka,https://www.zoominfo.com/c/skyy-vodka/139051359,<$5 M,4000000.0,194,,$1M - $5M
The SolutionPR,https://www.zoominfo.com/c/the-solutionpr/346374029,$7.4 M,7400000.0,166,,$5M - $10M
CCIA,https://www.zoominfo.com/c/ccia-llc/347200630,$5M,5000000.0,97,,$5M - $10M
Eli Lilly and Company,https://www.zoominfo.com/c/eli-lilly-and-company-pvt/116196196,$36.5 M,36500000.0,362,,$10M - $50M
Github,https://www.zoominfo.com/c/github-inc/345645238,$567.1 M,567100000.0,97,,$500M+
Stripe,https://www.zoominfo.com/c/stripe-inc/352810353,$1.7 B,1700000000.0,97,,$500M+
TikTok,https://www.zoominfo.com/c/tiktok/372444750,$2 B,2000000000.0,97,,$500M+
Workday,https://www.zoominfo.com/c/workday-inc/178962500,$6.2 B,6200000000.0,96,,$500M+
Brinks,https://www.zoominfo.com/c/brinks-inc/5538488,$4.2 B,4200000000.0,97,,$500M+
Ellinwood Hospital & Clinic,https://www.zoominfo.com/c/ellinwood-district-hospital/61805097,$9.7 M,9700000.0,194,,$5M - $10M
INNCO – International Network of Nicotine Consumer Organisations,https://www.zoominfo.com/c/innco-inc/449053225,$10.8 M,10800000.0,97,,$10M - $50M
Americans for Prosperity - Citizen Grassroots Advocacy & Action,https://www.zoominfo.com/c/americans-for-prosperity/92652036,$64 M,64000000.0,280,,$50M - $100M
Association of Equipment Manufacturers,https://www.zoominfo.com/c/association-of-equipment-manufacturers/2836200,$23.2 M,23200000.0,342,,$10M - $50M
3 Oliver Agency,https://www.zoominfo.com/c/the-oliver-agency/547223105,<$5 M,4000000.0,193,,$1M - $5M
Alza Business Solutions,https://www.zoominfo.com/c/alrek-business-solutions-inc/3508784,$6.1 M,6100000.0,186,,$5M - $10M
AM Best,https://www.zoominfo.com/c/am-best/4656476,$257.8 M,257800000.0,193,,$100M - $500M
Bank of America,https://www.zoominfo.com/c/bank-of-america-corp/12161677,$95 B,95000000000.0,259,,$500M+
Cabrillo Coastal,https://www.zoominfo.com/c/cabrillo-coastal-general-insurance-agency-llc/348162789,$89.7 M,89700000.0,194,,$50M - $100M
Citizens Property Insurance Corporation,https://www.zoominfo.com/c/citizens-property-insurance-corp/58871509,$1.3 B,1300000000.0,284,,$500M+
Conning,https://www.zoominfo.com/c/conning-inc/9355699,$50.6 M,50600000.0,97,,$50M - $100M
Farm Bureau Financial Services,https://www.zoominfo.com/c/farm-bureau-financial-services/1214213402,<$5 M,4000000.0,370,,$1M - $5M
Great Road Capital,https://www.zoominfo.com/c/great-road-capital-inc/351607481,<$5 M,4000000.0,284,,$1M - $5M
Hagerty,https://www.zoominfo.com/c/hagerty-group-llc/533121130,$33.7 M,33700000.0,97,,$10M - $50M
Hanover,https://www.zoominfo.com/c/hanover/356935329,$31.8 M,31800000.0,97,,$10M - $50M
Insurance Institute of Kentucky,https://www.zoominfo.com/c/the-insurance-institute-of-ireland/115688547,<$5 M,4000000.0,254,,$1M - $5M
Janney Montgomery Scott,https://www.zoominfo.com/c/janney-montgomery-scott-llc/54675510,$973.4 M,973400000.0,291,,$500M+
KBRA,https://www.zoominfo.com/c/kbra-analytics-llc/468081593,<$5 M,4000000.0,97,,$1M - $5M
Mark Edward Partners,https://www.zoominfo.com/c/mark-edward-partners/348019287,$12.1 M,12100000.0,290,,$10M - $50M
"Missouri Housing Authorities Property & Casualty, Inc.",https://www.zoominfo.com/c/housing-authority/344765114,<$5 M,4000000.0,97,,$1M - $5M
Nationwide,https://www.zoominfo.com/c/nationwide-mutual-insurance-co/58213077,$52.9 B,52900000000.0,97,,$500M+
"Poulton Associates, LLC",https://www.zoominfo.com/c/poulton-associates/71746760,$8.1 M,8100000.0,194,,$5M - $10M
TransRe,https://www.zoominfo.com/c/transre/370151919,$5 M,5000000.0,97,,$5M - $10M
Travelers Insurance,https://www.zoominfo.com/c/travelers-insurance-co/51200156,$36.9 B,36900000000.0,188,,$500M+
Voya Financial,https://www.zoominfo.com/c/voya-financial-advisors-inc/462184689,<$5 M,4000000.0,190,,$1M - $5M
W. R. Berkley Corporation,https://www.zoominfo.com/c/berkley/9882062,$11.2 B,11200000000.0,97,,$500M+
Willis Towers Watson,https://www.zoominfo.com/c/willis-towers-watson/540891910,<$5 M,4000000.0,285,,$1M - $5M
Munich Reinsurance Company,https://www.zoominfo.com/c/munich-reinsurance-america-inc/109396953,$44.5 M,44500000.0,194,,$10M - $50M
American Enerpower,https://www.zoominfo.com/c/enerpower/347739735,<$5 M,4000000.0,97,,$1M - $5M
Castleton Commodities International,https://www.zoominfo.com/c/castleton-commodities-international-llc/350678365,$360.9 M,360900000.0,282,,$100M - $500M
Clean Energy Buyers Association,https://www.zoominfo.com/c/clean-energy-council/346576468,$100.4 M,100400000.0,172,,$100M - $500M
Consolidated Edison,https://www.zoominfo.com/c/consolidated-edison-company-of-new-york-inc/19515421,$15.7 B,15700000000.0,192,,$500M+
Five Dimensions Energy,https://www.zoominfo.com/c/dimensions-energy-llc/475408322,<$5 M,4000000.0,175,,$1M - $5M
Indiana Municipal Power Agency,https://www.zoominfo.com/c/indiana-municipal-power-agency/102286577,$72.9 M,72900000.0,379,,$50M - $100M
National Rural Electric Cooperative Association,https://www.zoominfo.com/c/national-rural-electric-cooperative-association/67718285,$261.7 M,261700000.0,447,,$100M - $500M
Sunnova Energy,https://www.zoominfo.com/c/sunnova-energy-corp/356622858,$266.2 M,266200000.0,175,,$100M - $500M
Willis Towers Watson,https://www.zoominfo.com/c/willis-towers-watson/540891910,<$5 M,4000000.0,285,,$1M - $5M
Sophos,https://www.zoominfo.com/c/sophos-financial-llc/346512030,<$5 M,4000000.0,97,,$1M - $5M
Home,https://www.zoominfo.com/c/at-home-stores-llc/22730279,$1.6 B,1600000000.0,96,,$500M+
Forescout,https://www.zoominfo.com/c/forescout-technologies-inc/23856815,$189 M,189000000.0,97,,$100M - $500M
OneTrust,https://www.zoominfo.com/c/onetrust-privacy-security-trust/382298346,$525.1 M,525100000.0,97,,$500M+
Transcend Information,https://www.zoominfo.com/c/transcend-information-inc/163365033,$458.5 M,458500000.0,191,,$100M - $500M
Viapath Technologies,https://www.zoominfo.com/c/viapath-technologies/347646879,$294.1 M,294100000.0,190,,$100M - $500M
Anonos,https://www.zoominfo.com/c/anonos-inc/365530034,$18 M,18000000.0,97,,$10M - $50M
Beacon Global Strategies,https://www.zoominfo.com/c/beacon-global-strategies-llc/357947758,$21.1 M,21100000.0,286,,$10M - $50M
BigID,https://www.zoominfo.com/c/bigid-inc/374284096,$84 M,84000000.0,97,,$50M - $100M
Exterro,https://www.zoominfo.com/c/exterro-inc/98224029,$73.5 M,73500000.0,97,,$50M - $100M
Ketch,https://www.zoominfo.com/c/ketch-consulting/97046276,<$5 M,4000000.0,97,,$1M - $5M
RadarFirst,https://www.zoominfo.com/c/radarfirst/527479488,$11.6 M,11600000.0,97,,$10M - $50M
Securiti,https://www.zoominfo.com/c/securiti-inc/473455784,$77.7 M,77700000.0,97,,$50M - $100M
Alliance for Community and Justice Innovation,https://www.zoominfo.com/c/alliance-for-community-justice-innovation/470120198,<$5 M,4000000.0,463,,$1M - $5M
Leo Technologies,https://www.zoominfo.com/c/leo-technologies/465874450,<$5 M,4000000.0,190,,$1M - $5M
Privado,https://www.zoominfo.com/c/privado/446464994,<$5 M,4000000.0,97,,$1M - $5M
SafeGuard Privacy,https://www.zoominfo.com/c/safeguard-privacy/475040844,<$5 M,4000000.0,192,,$1M - $5M
Tamang Ventures,https://www.zoominfo.com/c/ventures-llc/371594661,$7 M,7000000.0,96,,$5M - $10M
OffenderWatch,https://www.zoominfo.com/c/offenderwatch-initiative/363285193,<$5 M,4000000.0,97,,$1M - $5M
Accenture,https://www.zoominfo.com/c/accenture-plc/246280,$59.6 B,59600000000.0,97,,$500M+
BDO,https://www.zoominfo.com/c/bdo-global/12848635,$11.8 B,11800000000.0,96,,$500M+
Blackberry,https://www.zoominfo.com/c/blackberry-ltd/10897665,$690 M,690000000.0,97,,$500M+
KPMG,https://www.zoominfo.com/c/kpmg-international-ltd/380703418,$35 B,35000000000.0,97,,$500M+
Mozilla,https://www.zoominfo.com/c/mozilla-corp/25739758,$451 M,451000000.0,97,,$100M - $500M
PwC,https://www.zoominfo.com/c/pwc/1102951177,$3.2 B,3200000000.0,97,,$500M+
Alkermes,https://www.zoominfo.com/c/alkermes-inc/1196510,$1.1 B,1100000000.0,97,,$500M+
Indivior,https://www.zoominfo.com/c/indivior-plc/371119914,$818 M,818000000.0,97,,$500M+
3BL Media,https://www.zoominfo.com/c/3bl-media-llc/352872574,$11.8 M,11800000.0,194,,$10M - $50M
Biogen,https://www.zoominfo.com/c/biogen/33791530,$10.2 B,10200000000.0,97,,$500M+
CitiGroup,https://www.zoominfo.com/c/citigroup-inc/8224889,$79.9 B,79900000000.0,96,,$500M+
Clearbridge Investments,https://www.zoominfo.com/c/clearbridge-investments-llc/8437892,$105 M,105000000.0,193,,$100M - $500M
Climate Action,https://www.zoominfo.com/c/climate-action/354007940,$6.1 M,6100000.0,193,,$5M - $10M
Dell Technologies,https://www.zoominfo.com/c/dell-technologies/372509301,$86.3 M,86300000.0,190,,$50M - $100M
Deloitte,https://www.zoominfo.com/c/deloitte-touche-tohmatsu-ltd/14812699,$59.3 B,59300000000.0,96,,$500M+
Duke Energy,https://www.zoominfo.com/c/duke-energy/1152844679,$30.7 M,30700000.0,175,,$10M - $50M
DWS,https://www.zoominfo.com/c/dws/548730983,$76.5 M,76500000.0,97,,$50M - $100M
Edison International,https://www.zoominfo.com/c/edison-international/31542734,$17.2 B,17200000000.0,183,,$500M+
ERM,https://www.zoominfo.com/c/erm/426019157,$5.2 M,5200000.0,97,,$5M - $10M
Ford Motors,https://www.zoominfo.com/c/ford-motor-co/43897815,$158.1 B,158100000000.0,96,,$500M+
Future Energy Week,https://www.zoominfo.com/c/future-energy-corporation/348205823,<$5 M,4000000.0,172,,$1M - $5M
GreenBiz,https://www.zoominfo.com/c/greenbiz-group-inc/1310750525,$7 M,7000000.0,97,,$5M - $10M
Impax Asset Management,https://www.zoominfo.com/c/impax-asset-management/44240087,$188.7 M,188700000.0,282,,$100M - $500M
International Endowments Network,https://www.zoominfo.com/c/ieseg-network/350665444,$5.7 M,5700000.0,90,,$5M - $10M
International Society of Sustainibility Professionals,https://www.zoominfo.com/c/international-society-of-sustainability-professionals/141624113,$10.3 M,10300000.0,354,,$10M - $50M
JLL,https://www.zoominfo.com/c/jll/1309896420,$8.6 M,8600000.0,97,,$5M - $10M
KKR,https://www.zoominfo.com/c/accel--kkr-llc/644278,$63.2M,63200000.0,97,,$50M - $100M
Moody's,https://www.zoominfo.com/c/moodys-analytics/559692383,$241.1 M,241100000.0,0,,$100M - $500M
MSCI,https://www.zoominfo.com/c/msci-inc/344424544,$2.2 B,2200000000.0,97,,$500M+
NationalGrid,https://www.zoominfo.com/c/national-grid-eso/1258768314,$75.9 M,75900000.0,0,,$50M - $100M
New Belgium Brewing,https://www.zoominfo.com/c/new-belgium-brewing/15093365,$210.2 M,210200000.0,287,,$100M - $500M
NewForests,https://www.zoominfo.com/c/new-forests-pty-ltd/88523794,$22.2 M,22200000.0,0,,$10M - $50M
Nuveen,https://www.zoominfo.com/c/nuveen-llc/98404620,$130.2 M,130200000.0,97,,$100M - $500M
Parnassus Investment,https://www.zoominfo.com/c/parnassus-investments/78659988,$22.4 M,22400000.0,97,,$10M - $50M
PNC,https://www.zoominfo.com/c/pnc-financial-services-group-inc/95650875,$21.1 B,21100000000.0,97,,$500M+
Responsibile Investor,https://www.zoominfo.com/c/responsible-investor/355486830,<$5 M,4000000.0,97,,$1M - $5M
S&P Global,https://www.zoominfo.com/c/s-p-global-inc/412016925,$6.2 M,6200000.0,276,,$5M - $10M
United States Steel,https://www.zoominfo.com/c/united-states-steel-corporation/373152841,$6.5 M,6500000.0,288,,$5M - $10M
US Nature 4Climate,https://www.zoominfo.com/c/nature-usa/347329096,$6.9 M,6900000.0,97,,$5M - $10M
2B Advice - The Privacy Benchmark,https://www.zoominfo.com/c/2b-advice-llc/351882775,$6.9 M,6900000.0,194,,$5M - $10M
ADM,https://www.zoominfo.com/c/adm/1461214,$101.6 B,101600000000.0,97,,$500M+
Adobe Inc,https://www.zoominfo.com/c/adobe-systems-inc/372748699,$14.5 M,14500000.0,170,,$10M - $50M
"ADP, LLC",https://www.zoominfo.com/c/adp-llc/524857,$16.7 B,16700000000.0,185,,$500M+
Affirm,https://www.zoominfo.com/c/affirm-inc/369073921,$1.5 B,1500000000.0,97,,$500M+
AlixPartners,https://www.zoominfo.com/c/alixpartners-llp/559692514,$35.3 M,35300000.0,97,,$10M - $50M
Allegis Group,https://www.zoominfo.com/c/allegis-group/9490910,$14.8 B,14800000000.0,170,,$500M+
Allstate Insurance Company,https://www.zoominfo.com/c/allstate-insurance-company-of-canada/552854341,<$5M,4000000.0,276,,$1M - $5M
Alvarez & Marsal,https://www.zoominfo.com/c/alvarez-marsal-holdings-llc/549484860,$10.4 M,10400000.0,194,,$10M - $50M
Amgen,https://www.zoominfo.com/c/amgen-inc/7834830,$26.3 B,26300000000.0,97,,$500M+
Aon Corporation,https://www.zoominfo.com/c/aon-plc/425133175,$127.7 M,127700000.0,96,,$100M - $500M
"Apple, Inc.",https://www.zoominfo.com/c/apple-inc/2441797,$386 B,386000000000.0,170,,$500M+
AstraZeneca,https://www.zoominfo.com/c/astrazeneca/1150851239,$22.1 M,22100000.0,97,,$10M - $50M
Asurion,https://www.zoominfo.com/c/asurion/9309676,$21.5 B,21500000000.0,97,,$500M+
Atlassian,https://www.zoominfo.com/c/atlassian/467128513,$10.3 M,10300000.0,97,,$10M - $50M
"Autodesk, Inc.",https://www.zoominfo.com/c/autodesk-inc/12999671,$4.4 B,4400000000.0,170,,$500M+
Avepoint,https://www.zoominfo.com/c/avepoint/1163758589,$23.2 M,23200000.0,97,,$10M - $50M
Axiom Global Ltd.,https://www.zoominfo.com/c/axiom-global-inc/354961764,$1.1 B,1100000000.0,190,,$500M+
Baker Hostetler,https://www.zoominfo.com/c/baker-hostetler-llp/13800843,$289.2 M,289200000.0,193,,$100M - $500M
Baker McKenzie,https://www.zoominfo.com/c/baker-mckenzie-llp/26547615,$2.2 B,2200000000.0,193,,$500M+
Bank of America,https://www.zoominfo.com/c/bank-of-america-corp/12161677,$95 B,95000000000.0,259,,$500M+
BDO Americas,https://www.zoominfo.com/c/bdo-global/12848635,$11.8 B,11800000000.0,96,,$500M+
"Beijing Xiaomi Mobile Software Co., Ltd",https://www.zoominfo.com/c/xiaomi/368068190,$48.5 B,48500000000.0,97,,$500M+
BNY Mellon,https://www.zoominfo.com/c/bny-mellon/1117060532,$1M,1000000.0,194,,$1M - $5M
Booking Holdings,https://www.zoominfo.com/c/booking-holdings-inc/43304391,$16 B,16000000000.0,190,,$500M+
BSI,https://www.zoominfo.com/c/bsi-financial-services-inc/16158224,$31.3 M,31300000.0,97,,$10M - $50M
BT Americas Inc.,https://www.zoominfo.com/c/bt-americas/1122977412,$5M,5000000.0,193,,$5M - $10M
Cambridge Mobile Telematics,https://www.zoominfo.com/c/cambridge-mobile-telematics-inc/367529023,$77.5 M,77500000.0,288,,$50M - $100M
Canon Europe Ltd.,https://www.zoominfo.com/c/canon-europe-ltd/42343361,$8.3 B,8300000000.0,287,,$500M+
Capgemini Nederland B.V.,https://www.zoominfo.com/c/capgemini/20912044,$19.2 B,19200000000.0,97,,$500M+
Capital One,https://www.zoominfo.com/c/capital-one-financial-corp/9012358,$34.3 B,34300000000.0,187,,$500M+
CGI,https://www.zoominfo.com/c/cgi-americas/356860116,<$5 M,4000000.0,97,,$1M - $5M
Chevron,https://www.zoominfo.com/c/chevron-corp/7783252,$235.7 B,235700000000.0,97,,$500M+
"Citigroup, Inc.",https://www.zoominfo.com/c/citigroup-inc/8224889,$79.9 B,79900000000.0,169,,$500M+
Clarip,https://www.zoominfo.com/c/clarip-inc/409330519,<$5 M,4000000.0,97,,$1M - $5M
Clifford Chance,https://www.zoominfo.com/c/clifford-chance/21564824,$1.1 B,1100000000.0,194,,$500M+
CMS Legal Services,https://www.zoominfo.com/c/cms-legal-services-eeig/27070472,$1.3 B,1300000000.0,281,,$500M+
CNA,https://www.zoominfo.com/c/cna-financial-corp/8585365,$11.9 B,11900000000.0,97,,$500M+
Comcast Cable Communications,https://www.zoominfo.com/c/comcast-corp/8929846,$121.4 B,121400000000.0,96,,$500M+
Covington & Burling,https://www.zoominfo.com/c/covington-burling-llp/20434056,$142.4 M,142400000.0,194,,$100M - $500M
Cox Communications,https://www.zoominfo.com/c/cox-communications-inc/13780132,$12 B,12000000000.0,189,,$500M+
CVS Health,https://www.zoominfo.com/c/cvs-pharmacy/566136363,$298.8 B,298800000000.0,96,,$500M+
CyberRes,https://www.zoominfo.com/c/cyber/395889313,<$5 M,4000000.0,0,,$1M - $5M
Data Guidance,https://www.zoominfo.com/c/data-guidance-group-inc/10584514,<$5 M,4000000.0,194,,$1M - $5M
DataGuard,https://www.zoominfo.com/c/dataguard/507136097,$50.7 M,50700000.0,97,,$50M - $100M
Dataguise,https://www.zoominfo.com/c/pkware-inc/120291847,$56.7 M,56700000.0,0,,$50M - $100M
DataRep,https://www.zoominfo.com/c/datarep-associates/75714523,<$5 M,4000000.0,97,,$1M - $5M
Dechert LLP,https://www.zoominfo.com/c/dechert-llp/24071138,$893 M,893000000.0,185,,$500M+
Deloitte & Touche LLP,https://www.zoominfo.com/c/deloitte-touche-llp/1295008408,$1M,1000000.0,281,,$1M - $5M
Design Laboratory,https://www.zoominfo.com/c/design-laboratory/354026841,$21.5 M,21500000.0,194,,$10M - $50M
Deutsche Telekom AG,https://www.zoominfo.com/c/deutsche-telekom-ag/28117851,$119.5 B,119500000000.0,290,,$500M+
DLA Piper,https://www.zoominfo.com/c/dla-piper-llp/11519296,$1.3 B,1300000000.0,194,,$500M+
Docusign,https://www.zoominfo.com/c/docusign-inc/29231431,$2.5 B,2500000000.0,97,,$500M+
Dun & Bradstreet,https://www.zoominfo.com/c/dun-bradstreet-inc/5390594,$2.2 B,2200000000.0,194,,$500M+
Ebay Inc.,https://www.zoominfo.com/c/ebay-inc/12272288,$9.8 B,9800000000.0,170,,$500M+
Equifax,https://www.zoominfo.com/c/equifax-inc/1141791507,$18.9 M,18900000.0,97,,$10M - $50M
Ericsson,https://www.zoominfo.com/c/telefonaktiebolaget-lm-ericsson/50040045,$26.2 B,26200000000.0,97,,$500M+
Eversheds Sutherland,https://www.zoominfo.com/c/eversheds-sutherland/13534160,$680.4 M,680400000.0,194,,$500M+
"Expedia Group, Inc.",https://www.zoominfo.com/c/expedia-group-inc/40603148,$11.3 B,11300000000.0,243,,$500M+
Experian,https://www.zoominfo.com/c/experian-us/350915803,$4.1 B,4100000000.0,97,,$500M+
EY,https://www.zoominfo.com/c/ey/462553720,$5.9 M,5900000.0,97,,$5M - $10M
Field Fisher Waterhouse,https://www.zoominfo.com/c/hw-fisher/51268003,$2.6 B,2600000000.0,97,,$500M+
General Electric,https://www.zoominfo.com/c/general-electric-co/15712435,$76.6 B,76600000000.0,190,,$500M+
Glaxo Smith Kline,https://www.zoominfo.com/c/glaxosmithkline-consumer-healthcare-ltd-india/372139928,$649.8 M,649800000.0,0,,$500M+
"Globe Telecom, Inc.",https://www.zoominfo.com/c/globe-telecom-inc/372145530,$3.1 B,3100000000.0,265,,$500M+
GoodRx,https://www.zoominfo.com/c/goodrx-inc/458298175,<$5 M,4000000.0,97,,$1M - $5M
Goodwin Procter,https://www.zoominfo.com/c/goodwin-procter-llp/38358531,$340.2 M,340200000.0,194,,$100M - $500M
Greenberg Traurig LLP,https://www.zoominfo.com/c/greenberg-traurig-llp/1214141212,<$5 M,4000000.0,282,,$1M - $5M
Groupon,https://www.zoominfo.com/c/groupon-inc/474994348,$12.3 M,12300000.0,97,,$10M - $50M
Gunderson,https://www.zoominfo.com/c/gunderson-dettmer/22512714,$90.8 M,90800000.0,97,,$50M - $100M
Harman International,https://www.zoominfo.com/c/harman-international-industries-inc/17203956,$10 B,10000000000.0,185,,$500M+
HCL Technologies Limited,https://www.zoominfo.com/c/hcl-technologies/473656404,$27.9 M,27900000.0,190,,$10M - $50M
Hewlett Packard Enterprise,https://www.zoominfo.com/c/hewlett-packard-enterprise-co/34687140,$28.5 B,28500000000.0,291,,$500M+
HITrust Alliance,https://www.zoominfo.com/c/hitrust-llc/345546566,$14.8 M,14800000.0,97,,$10M - $50M
Hogan Lovells,https://www.zoominfo.com/c/hogan-lovells-international-llp/346233584,$950.4 M,950400000.0,194,,$500M+
Holland & Knight LLP,https://www.zoominfo.com/c/holland-knight-llp/17908288,$408.3 M,408300000.0,281,,$100M - $500M
Holland America Group,https://www.zoominfo.com/c/holland-america-line-inc/52972131,$2.5 B,2500000000.0,188,,$500M+
Honor Device Co. Ltd.,https://www.zoominfo.com/c/honor/371562938,$35.4 M,35400000.0,97,,$10M - $50M
"HP, Inc.",https://www.zoominfo.com/c/hp-inc/45992365,$59.8 B,59800000000.0,170,,$500M+
HSBC,https://www.zoominfo.com/c/hsbc/351206627,<$5 M,4000000.0,97,,$1M - $5M
"Huawei Technologies Co., Ltd.",https://www.zoominfo.com/c/huawei-technologies-co-ltd/514832780,$36.7 M,36700000.0,371,,$10M - $50M
Interpublic Group,https://www.zoominfo.com/c/the-interpublic-group-of-companies-inc/66505148,$10.9 B,10900000000.0,170,,$500M+
Intuit,https://www.zoominfo.com/c/intuit-inc/20037711,$13.7 B,13700000000.0,97,,$500M+
IQVIA,https://www.zoominfo.com/c/iqvia-inc/1110442688,$5.2 M,5200000.0,97,,$5M - $10M
"Iron Mountain Information Management, Inc.",https://www.zoominfo.com/c/iron-mountain-inc/20201663,$5.1 B,5100000000.0,265,,$500M+
Jones Day,https://www.zoominfo.com/c/jones-day/57886618,$2.2 B,2200000000.0,194,,$500M+
JPMorgan Chase & Co.,https://www.zoominfo.com/c/jpmorgan-chase-co/12227700,$123.7 B,123700000000.0,281,,$500M+
Kinesso,https://www.zoominfo.com/c/kinesso/477992365,$26.2 M,26200000.0,97,,$10M - $50M
King & Spalding,https://www.zoominfo.com/c/king-spalding-llp/67373793,$204.1 M,204100000.0,194,,$100M - $500M
Kyndryl Holdings Inc.,https://www.zoominfo.com/c/kyndryl-hldgs-inc/547563247,$18.3 B,18300000000.0,170,,$500M+
Latham,https://www.zoominfo.com/c/latham-watkins-llp/49153252,$680.4 M,680400000.0,97,,$500M+
Lewis Brisbois Bisgaard & Smith,https://www.zoominfo.com/c/lewis-brisbois-bisgaard-smith-llp/70585447,$510.3 M,510300000.0,384,,$500M+
Lewis Silkin LLP,https://www.zoominfo.com/c/lewis-silkin/70585438,$63.8 M,63800000.0,191,,$50M - $100M
LinkedIn,https://www.zoominfo.com/c/linkedin-corp/168919661,$10 B,10000000000.0,97,,$500M+
LiveNation,https://www.zoominfo.com/c/live-nation-as/426071199,$55.4 M,55400000.0,0,,$50M - $100M
Lockheed Martin Corporation,https://www.zoominfo.com/c/lockheed-martin/21712070,$66 B,66000000000.0,192,,$500M+
Lockton Companies,https://www.zoominfo.com/c/lockton-companies/22937694,$7.6 B,7600000000.0,190,,$500M+
Mars Incorporated,https://www.zoominfo.com/c/mars-inc/31655171,$45 B,45000000000.0,97,,$500M+
Marsh & McLennan Companies,https://www.zoominfo.com/c/marsh-mclennan-companies-inc/70550662,$20.7 B,20700000000.0,286,,$500M+
McKesson Corporation,https://www.zoominfo.com/c/mckesson/559786052,$9.8 B,9800000000.0,97,,$500M+
"McKinsey & Company, Inc.",https://www.zoominfo.com/c/mckinsey-company-inc/1207678329,$250M,250000000.0,257,,$100M - $500M
Medtronic,https://www.zoominfo.com/c/medtronic-plc/76449262,$31.7 B,31700000000.0,97,,$500M+
"Merck & Co., Inc.",https://www.zoominfo.com/c/merck-co-inc/24576142,$59.3 B,59300000000.0,255,,$500M+
MetLife,https://www.zoominfo.com/c/metlife-insurance-ltd/559786405,$826.2 M,826200000.0,96,,$500M+
Morrison Foerster,https://www.zoominfo.com/c/morrison-foerster-llp/350671593,<$5 M,4000000.0,194,,$1M - $5M
Naspers,https://www.zoominfo.com/c/naspers-limited/167707316,$7 B,7000000000.0,97,,$500M+
Natura & Co,https://www.zoominfo.com/c/natura-co/467884471,$7.4 B,7400000000.0,185,,$500M+
New Relic,https://www.zoominfo.com/c/new-relic-inc/115147644,$888.9 M,888900000.0,190,,$500M+
News Corporation,https://www.zoominfo.com/c/news-corp/27574340,$10.4 B,10400000000.0,97,,$500M+
Nike,https://www.zoominfo.com/c/nike-inc/27722128,$49.1 B,49100000000.0,97,,$500M+
NortonLifeLock Inc.,https://www.zoominfo.com/c/nortonlifelock-inc/142705069,$2.8 B,2800000000.0,170,,$500M+
Novartis International AG,https://www.zoominfo.com/c/novartis-ag/540452813,$35.3 M,35300000.0,193,,$10M - $50M
"Orrick, Herrington & Sutcliffe LLP",https://www.zoominfo.com/c/orrick-herrington-sutcliffe-llp/17646300,$1 B,1000000000.0,379,,$500M+
P & G,https://www.zoominfo.com/c/p-g-enterprises-pvt-ltd/345591946,<$5 M,4000000.0,192,,$1M - $5M
PA Consulting,https://www.zoominfo.com/c/pa-consulting-group-ltd/40782077,$811.6 M,811600000.0,192,,$500M+
Pearson Management Services,https://www.zoominfo.com/c/pearson-management-group-inc/93226399,<$5 M,4000000.0,187,,$1M - $5M
Pepsico,https://www.zoominfo.com/c/pepsico-inc/458212841,$1.9 B,1900000000.0,96,,$500M+
"Perkins Coie, LLP",https://www.zoominfo.com/c/perkins-coie-llp/82936359,$425.3 M,425300000.0,282,,$100M - $500M
Philips,https://www.zoominfo.com/c/philips/348866551,$33.9 M,33900000.0,97,,$10M - $50M
Pinsent Masons,https://www.zoominfo.com/c/pinsent-masons-llp/114836226,$682.5 M,682500000.0,194,,$500M+
Ponemon Institute,https://www.zoominfo.com/c/ponemon-institute-llc/30851343,<$5 M,4000000.0,186,,$1M - $5M
Protiviti,https://www.zoominfo.com/c/protiviti-inc/31506554,$1.5 B,1500000000.0,97,,$500M+
Prudential,https://www.zoominfo.com/c/prudential-financial-inc/56526980,$60 B,60000000000.0,97,,$500M+
Quintiles IMS,https://www.zoominfo.com/c/quintiles-ims-holdings-inc/1158141035,$6.9 B,6900000000.0,194,,$500M+
Rakuten,https://www.zoominfo.com/c/rakuten-inc/80053004,$13.9 B,13900000000.0,97,,$500M+
Randstad,https://www.zoominfo.com/c/randstad-holding-nv/74319139,$26.9 B,26900000000.0,97,,$500M+
Reckitt Benckiser,https://www.zoominfo.com/c/reckitt-benckiser-group-plc/1159492257,$53 M,53000000.0,194,,$50M - $100M
Reed Smith,https://www.zoominfo.com/c/reed-smith-llp/1461198,<$5 M,4000000.0,192,,$1M - $5M
Ropes & Gray,https://www.zoominfo.com/c/ropes-gray-llp/43876980,$2.2 B,2200000000.0,194,,$500M+
Schellman,https://www.zoominfo.com/c/schellman-company-llc/395954139,$105.9 M,105900000.0,96,,$100M - $500M
Schneider Electric SA,https://www.zoominfo.com/c/schneider-electric/464610519,$19.9 M,19900000.0,190,,$10M - $50M
ServiceNow,https://www.zoominfo.com/c/servicenow/563318391,$26.3 M,26300000.0,97,,$10M - $50M
Solera,https://www.zoominfo.com/c/solera-holdings-llc/140460276,$2.5 B,2500000000.0,97,,$500M+
Square Inc,https://www.zoominfo.com/c/square-inc/347451938,$1.9 B,1900000000.0,169,,$500M+
State Farm Insurance Companies,https://www.zoominfo.com/c/state-farm-insurance-companies/442221695,$5.4 M,5400000.0,374,,$5M - $10M
Stoel Rives,https://www.zoominfo.com/c/stoel-rives-llp/36733027,$194.9 M,194900000.0,194,,$100M - $500M
Strand,https://www.zoominfo.com/c/strand-hanson-ltd/345545442,$5.1 M,5100000.0,97,,$5M - $10M
Suntrust,https://www.zoominfo.com/c/suntrust-banks/1259401754,$33 M,33000000.0,97,,$10M - $50M
SVB Financial Group,https://www.zoominfo.com/c/svb/96305916,$6.2 B,6200000000.0,97,,$500M+
Takeda,https://www.zoominfo.com/c/takeda-pharmaceutical-company-ltd/140656768,$30.2 B,30200000000.0,97,,$500M+
Tata Consultancy Services Limited (TCS),https://www.zoominfo.com/c/tata-consultancy-services-ltd/141738051,$26.4 B,26400000000.0,281,,$500M+
TD Bank,https://www.zoominfo.com/c/td-bank/1280825905,$11.7 M,11700000.0,190,,$10M - $50M
Teleperformance Group,https://www.zoominfo.com/c/teleperformance-group-inc/507435989,$250M,250000000.0,170,,$100M - $500M
Tencent Holdings Limited,https://www.zoominfo.com/c/tencent-holdings-ltd/159662254,$83.7 B,83700000000.0,190,,$500M+
The Boeing Co.,https://www.zoominfo.com/c/the-boeing-co/5128546,$61.1 B,61100000000.0,254,,$500M+
The Nielsen Company,https://www.zoominfo.com/c/knud-nielsen-company-inc/28804138,$11.1 M,11100000.0,185,,$10M - $50M
"The Rocket Science Group, LLC",https://www.zoominfo.com/c/rocket-science-group-llc/1307799834,<$5 M,4000000.0,355,,$1M - $5M
"The Vanguard Group, Inc.",https://www.zoominfo.com/c/the-vanguard-group-inc/151945299,$10.3 B,10300000000.0,311,,$500M+
The Walt Disney Company,https://www.zoominfo.com/c/the-walt-disney-company-india/1286882309,$16.1 M,16100000.0,350,,$10M - $50M
Toyota,https://www.zoominfo.com/c/toyota-motor-sales-usa-inc/120635793,$10.8 B,10800000000.0,97,,$500M+
TransUnion,https://www.zoominfo.com/c/transunion-llc/51151135,$3.6 B,3600000000.0,97,,$500M+
Truist (Company),https://www.zoominfo.com/c/truist-financial-corp/1126796410,$7.1 M,7100000.0,96,,$5M - $10M
TrustArc,https://www.zoominfo.com/c/trustarc-inc/407397903,$93.3 M,93300000.0,97,,$50M - $100M
"Truyo, Powered by Intel",https://www.zoominfo.com/c/truyo/465293028,<$5 M,4000000.0,97,,$1M - $5M
Tugboat Logic,https://www.zoominfo.com/c/tugboat-logic-inc/447122149,$7.1 M,7100000.0,194,,$5M - $10M
Twilio,https://www.zoominfo.com/c/twilio-inc/353922389,$3.8 B,3800000000.0,97,,$500M+
Twitter,https://www.zoominfo.com/c/twitter-inc/233046031,$40 B,40000000000.0,97,,$500M+
Unilever,https://www.zoominfo.com/c/unilever-usa/551524591,$171.4 M,171400000.0,97,,$100M - $500M
Unisys,https://www.zoominfo.com/c/unisys/1102885905,$331.6 M,331600000.0,97,,$100M - $500M
"United Parcel Services, Inc.",https://www.zoominfo.com/c/united-parcel-service-of-america-inc/40059389,$100.3 B,100300000000.0,263,,$500M+
UnitedHealth Group,https://www.zoominfo.com/c/unitedhealth-group-inc/39600454,$313.1 B,313100000000.0,170,,$500M+
USAA,https://www.zoominfo.com/c/usaa/40403053,$36.3 B,36300000000.0,97,,$500M+
Verasafe,https://www.zoominfo.com/c/verasafe-llc/40747082,<$5 M,4000000.0,97,,$1M - $5M
Veritas,https://www.zoominfo.com/c/veritas-nv/426004030,$67.7 M,67700000.0,97,,$50M - $100M
Visa,https://www.zoominfo.com/c/visa-inc/41058369,$30.2 B,30200000000.0,97,,$500M+
VM Ware,https://www.zoominfo.com/c/vmware-inc/297468076,$13.1 B,13100000000.0,0,,$500M+
Vodafone Group Services Limited,https://www.zoominfo.com/c/vodafone-group-plc/128123007,$55 B,55000000000.0,170,,$500M+
Walgreens,https://www.zoominfo.com/c/walgreens-co/41320983,$135 B,135000000000.0,97,,$500M+
Walmart,https://www.zoominfo.com/c/walmart-inc/155353090,$600.1 B,600100000000.0,97,,$500M+
Wells Fargo,https://www.zoominfo.com/c/wells-fargo-co/130203765,$73.8 B,73800000000.0,194,,$500M+
Wirewheel,https://www.zoominfo.com/c/wirewheel-inc/447814509,$13.4 M,13400000.0,97,,$10M - $50M
Wolters Kluwer,https://www.zoominfo.com/c/wolters-kluwer/1147018240,$22.6 M,22600000.0,194,,$10M - $50M
WorkitHealth,https://www.zoominfo.com/c/workit-health-inc/372051111,$51.3 M,51300000.0,0,,$50M - $100M
Zeba,https://www.zoominfo.com/c/zeba-labs/354032897,$11.6 M,11600000.0,97,,$10M - $50M
Zoom Video Communications,https://www.zoominfo.com/c/zoom-video-communications-inc/366251853,$4.2 B,4200000000.0,286,,$500M+
ZTE,https://www.zoominfo.com/c/zte/43352449,$17.4 B,17400000000.0,97,,$500M+
ACA Compliance Group,https://www.zoominfo.com/c/aca-group/546920976,<$5 M,4000000.0,170,,$1M - $5M
Aura,https://www.zoominfo.com/c/aura/472889248,$26 M,26000000.0,97,,$10M - $50M
Better Business Bureau (National Programs),https://www.zoominfo.com/c/bbbtrusted/454373005,$11.3 M,11300000.0,0,,$10M - $50M
breakfast,https://www.zoominfo.com/c/breakfast-llc/23319525,$13.9 M,13900000.0,97,,$10M - $50M
Buchanan Ingersoll & Rooney PC,https://www.zoominfo.com/c/buchanan-ingersoll-pc/15634436,$259.1 M,259100000.0,291,,$100M - $500M
Chamber Of Commerce,https://www.zoominfo.com/c/us-chamber-of-commerce-co/23842899,$165 M,165000000.0,267,,$100M - $500M
JETRO New York.,https://www.zoominfo.com/c/jetro/532699748,<$5 M,4000000.0,97,,$1M - $5M
Recorded Future,https://www.zoominfo.com/c/recorded-future-inc/371799749,$200 M,200000000.0,191,,$100M - $500M
Samsung,https://www.zoominfo.com/c/samsung-research-america-inc/559691635,$57.6 M,57600000.0,97,,$50M - $100M
CyberRisk Alliance LLC,https://www.zoominfo.com/c/cyberrisk-alliance-llc/461063127,$18.6 M,18600000.0,277,,$10M - $50M
Episode Solutions,https://www.zoominfo.com/c/episode-solutions-llc/363354794,$17.3 M,17300000.0,190,,$10M - $50M
Humphries Kirk Law,https://www.zoominfo.com/c/humphries-kirk-llp/33475358,$18.3 M,18300000.0,194,,$10M - $50M
IAPP,https://www.zoominfo.com/c/iapp-technologies-llp/358445750,$9.6 M,9600000.0,97,,$5M - $10M
IOXT Alliance,https://www.zoominfo.com/c/ioxt-alliance-inc/467659694,$12.8 M,12800000.0,189,,$10M - $50M
Lawyers Committee,https://www.zoominfo.com/c/lawyers-committee-for-civil-rights-under-law/61753808,$20 M,20000000.0,194,,$10M - $50M
Zyston LLC,https://www.zoominfo.com/c/zyston-llc/390300985,$14.1 M,14100000.0,185,,$10M - $50M
Elite Network Architects & Certified Cybersecurity Specialists,https://www.zoominfo.com/c/elite-network/40015406,$5.8 M,5800000.0,187,,$5M - $10M
Engine,https://www.zoominfo.com/c/engine/405119942,$14 M,14000000.0,97,,$10M - $50M
Federal Street Strategies,https://www.zoominfo.com/c/federal-street-strategies-llc/438429408,<$5 M,4000000.0,288,,$1M - $5M
Future of Privacy Forum,https://www.zoominfo.com/c/future-of-privacy-forum/348434455,<$5 M,4000000.0,359,,$1M - $5M
Glen Echo Group,https://www.zoominfo.com/c/glen-echo-group-llc/347008374,<$5 M,4000000.0,267,,$1M - $5M
Indeed,https://www.zoominfo.com/c/indeed-inc/351058000,$4.8 B,4800000000.0,97,,$500M+
Inline Policy,https://www.zoominfo.com/c/inline-policy-ltd-08719165/366658698,<$5 M,4000000.0,191,,$1M - $5M
Journey ID,https://www.zoominfo.com/c/journey-ai-inc/555918163,$6.7 M,6700000.0,97,,$5M - $10M
Network Advertising Initiative,https://www.zoominfo.com/c/network-advertising-initiative/1309868755,<$5 M,4000000.0,284,,$1M - $5M
Plus Communications,https://www.zoominfo.com/c/plus-communications/468786646,$5.3 M,5300000.0,188,,$5M - $10M
Public Knowledge,https://www.zoominfo.com/c/public-knowledge/352384723,$6.2 M,6200000.0,190,,$5M - $10M
Software & Information Industry Association,https://www.zoominfo.com/c/the-software-information-industry-association/96272973,$5.3 M,5300000.0,358,,$5M - $10M
Alston & Bird,https://www.zoominfo.com/c/alston-bird/4230163,$749.2 M,749200000.0,194,,$500M+
American Express,https://www.zoominfo.com/c/american-express-co/1148651733,$21.8 M,21800000.0,183,,$10M - $50M
Arnold Porter,https://www.zoominfo.com/c/arnold-porter/45960821,$141 M,141000000.0,193,,$100M - $500M
Booz Allen Hamilton,https://www.zoominfo.com/c/booz-allen-hamilton/38720890,$8.4 B,8400000000.0,291,,$500M+
Charter Communications,https://www.zoominfo.com/c/charter-communications-inc/24169680,$53.6 B,53600000000.0,189,,$500M+
Chubb,https://www.zoominfo.com/c/chubb-insurance-co/1259691831,<$5 M,4000000.0,97,,$1M - $5M
CSX Transportation,https://www.zoominfo.com/c/csx-transportation-intermodal/371824129,$28.5 M,28500000.0,194,,$10M - $50M
First Republic Bank,https://www.zoominfo.com/c/first-republic-bank/14483819,$5.8 B,5800000000.0,286,,$500M+
FTII Consulting,https://www.zoominfo.com/c/fti-consulting-inc/1210603811,$7.7 M,7700000.0,95,,$5M - $10M
Gibson Dunn & Crutcher,https://www.zoominfo.com/c/gibson-dunn-crutcher-llp/44222961,$416.7 M,416700000.0,291,,$100M - $500M
Kroll,https://www.zoominfo.com/c/kroll-inc/21791433,$1.3 B,1300000000.0,97,,$500M+
Mastercard,https://www.zoominfo.com/c/mastercard-international-inc/66421453,$22.2 B,22200000000.0,97,,$500M+
Motion Pictures Association,https://www.zoominfo.com/c/swank-motion-pictures-inc/146948301,$77.3 M,77300000.0,194,,$50M - $100M
Netflix,https://www.zoominfo.com/c/netflix-inc/27181208,$31.6 B,31600000000.0,97,,$500M+
Relx,https://www.zoominfo.com/c/relx-group-plc/75056015,$8.9 B,8900000000.0,97,,$500M+
Shopify,https://www.zoominfo.com/c/shopify-inc/137527486,$5.6 B,5600000000.0,97,,$500M+
Sidley Austin LLP,https://www.zoominfo.com/c/sidley-austin-llp/18059400,$2.5 B,2500000000.0,282,,$500M+
Spotify,https://www.zoominfo.com/c/spotify-technology-sa/351013286,$12.2 B,12200000000.0,97,,$500M+
T-mobile,https://www.zoominfo.com/c/t--mobile-usa-inc/105562330,$79.6 B,79600000000.0,189,,$500M+
Venable LLP,https://www.zoominfo.com/c/venable-llp/40714672,$144.9 M,144900000.0,185,,$100M - $500M
Verizon,https://www.zoominfo.com/c/verizon-communications-inc/126828694,$136.8 B,136800000000.0,96,,$500M+
National Retail Federation,https://www.zoominfo.com/c/national-retail-federation/26771811,$21.1 M,21100000.0,278,,$10M - $50M
Acton,https://www.zoominfo.com/c/acton-corporation/343903303,$6.2 M,6200000.0,97,,$5M - $10M
Center for Democracy and Technology,https://www.zoominfo.com/c/center-for-democracy-and-technology/9913776,<$5 M,4000000.0,451,,$1M - $5M
Family Online Safety Institute,https://www.zoominfo.com/c/the-family-online-safety-institute-companies/99437413,<$5 M,4000000.0,368,,$1M - $5M
FGS Global,https://www.zoominfo.com/c/fgs-global/477872946,$6.3 M,6300000.0,190,,$5M - $10M
Franklin Square,https://www.zoominfo.com/c/franklin-square/558014921,<$5 M,4000000.0,193,,$1M - $5M
KDCR Partners,https://www.zoominfo.com/c/hillco-partners/86018718,$5.2 M,5200000.0,96,,$5M - $10M
LeydenJar,https://www.zoominfo.com/c/leydenjar-technologies-bv/398695318,$6.7 M,6700000.0,97,,$5M - $10M
Chamber of Progress,https://www.zoominfo.com/c/chamber-of-progress/561221051,<$5 M,4000000.0,267,,$1M - $5M
Silent Quadrant,https://www.zoominfo.com/c/silent-quadrant/456030482,<$5 M,4000000.0,194,,$1M - $5M
Vitalizing Business Solutions ,https://www.zoominfo.com/c/vitalizing-business-solutions-inc/504794340,<$5 M,4000000.0,283,,$1M - $5M
CrowdStrike,https://www.zoominfo.com/c/crowdstrike-inc/346549477,$2 B,2000000000.0,97,,$500M+
XRA Association,https://www.zoominfo.com/c/xra-records/345646777,$5M,5000000.0,97,,$5M - $10M
Battelle ,https://www.zoominfo.com/c/battelle-renwick-inc/457836796,<$5 M,4000000.0,97,,$1M - $5M
Palo Alto Networks,https://www.zoominfo.com/c/palo-alto-networks-inc/141951307,$6.2 B,6200000000.0,290,,$500M+
ERSI,https://www.zoominfo.com/c/ersi-group/433777828,$14.2 M,14200000.0,97,,$10M - $50M
SAS,https://www.zoominfo.com/c/sas-institute-inc/105481313,$3.2 B,3200000000.0,97,,$500M+
McCourt,https://www.zoominfo.com/c/mccourt-label-co/75681832,$20.5 M,20500000.0,97,,$10M - $50M
American National Standards Institute,https://www.zoominfo.com/c/american-national-standards-institute/3080828,$67.5 M,67500000.0,357,,$50M - $100M
Simsi,https://www.zoominfo.com/c/simsi/556941473,<$5 M,4000000.0,97,,$1M - $5M
Pelican Institute for Public Policy,https://www.zoominfo.com/c/public-policy-institute/453573050,<$5 M,4000000.0,276,,$1M - $5M
TechNet,https://www.zoominfo.com/c/technet/37699885,$21.8 M,21800000.0,97,,$10M - $50M
Bentley,https://www.zoominfo.com/c/bentley-motors/565804338,$1.5 B,1500000000.0,97,,$500M+
box,https://www.zoominfo.com/c/box-limited/347494391,$16.6 M,16600000.0,97,,$10M - $50M
DataBricks,https://www.zoominfo.com/c/databricks-inc/357856102,$945.2 M,945200000.0,97,,$500M+
Dropbox,https://www.zoominfo.com/c/dropbox-inc/348866663,$2.3 B,2300000000.0,97,,$500M+
Garmin,https://www.zoominfo.com/c/garmin-international-inc/465199219,<$5 M,4000000.0,97,,$1M - $5M
Graphisoft,https://www.zoominfo.com/c/graphisoft-sa/447558082,$22.3 M,22300000.0,97,,$10M - $50M
IAB (Lartease Tiffith),https://www.zoominfo.com/c/iab-solutions-llc/118653981,$7.2 M,7200000.0,1000,,$5M - $10M
Informatica,https://www.zoominfo.com/c/informatica-llc/19186110,$1.5 B,1500000000.0,97,,$500M+
John Deere,https://www.zoominfo.com/c/john-deere-financial/507366830,$343.3 M,343300000.0,190,,$100M - $500M
Lenovo,https://www.zoominfo.com/c/lenovo-group-ltd/46581485,$70 B,70000000000.0,97,,$500M+
Mastercam,https://www.zoominfo.com/c/mastercam/430363355,<$5 M,4000000.0,97,,$1M - $5M
MathWorks,https://www.zoominfo.com/c/the-mathworks-inc/56151640,$1.4 B,1400000000.0,97,,$500M+
Maxon,https://www.zoominfo.com/c/maxon-motor/109364212,$828.3 M,828300000.0,97,,$500M+
Okta,https://www.zoominfo.com/c/okta-inc/353760348,$1.3 B,1300000000.0,97,,$500M+
Panasonic,https://www.zoominfo.com/c/panasonic-corporation/39469842,$49 B,49000000000.0,97,,$500M+
Prokon,https://www.zoominfo.com/c/prokon/430081254,<$5 M,4000000.0,97,,$1M - $5M
PTC,https://www.zoominfo.com/c/ptc-system-pte-ltd/347864525,$21.5 M,21500000.0,97,,$10M - $50M
Ring,https://www.zoominfo.com/c/ring-llc/345204733,$266.4 M,266400000.0,97,,$100M - $500M
rubrik,https://www.zoominfo.com/c/rubrik-llc/411970815,<$5 M,4000000.0,97,,$1M - $5M
Siemens,https://www.zoominfo.com/c/siemens-energy-global-gmbh-co-kg/559801373,$60.6 B,60600000000.0,97,,$500M+
Splunk,https://www.zoominfo.com/c/splunk-inc/112427675,$3.7 B,3700000000.0,97,,$500M+
Trend Micro,https://www.zoominfo.com/c/trend-micro/1312580921,<$5 M,4000000.0,194,,$1M - $5M
Trimble,https://www.zoominfo.com/c/trimble-inc/15860110,$3.7 B,3700000000.0,97,,$500M+
TriNet,https://www.zoominfo.com/c/trinet-group-inc/38912073,$4.9 B,4900000000.0,97,,$500M+
Unity,https://www.zoominfo.com/c/unity-technologies/235290721,$1.1 B,1100000000.0,97,,$500M+
Zendesk,https://www.zoominfo.com/c/zendesk/1310193253,<$5 M,4000000.0,97,,$1M - $5M
National Federation of Independent Business,https://www.zoominfo.com/c/national-federation-of-independent-business/61507224,$105 M,105000000.0,445,,$100M - $500M
Brinker International Restaurants,https://www.zoominfo.com/c/brinker-international/15550900,$4 B,4000000000.0,185,,$500M+
Darden Restaurants,https://www.zoominfo.com/c/darden-restaurants-inc/398198083,$250M,250000000.0,193,,$100M - $500M
Inspire Brands,https://www.zoominfo.com/c/inspire-brands-asia/546846294,<$5 M,4000000.0,188,,$1M - $5M
Restaurant Brands International,https://www.zoominfo.com/c/restaurant-brands-international-inc/32194853,$5.9 B,5900000000.0,274,,$500M+
Yum Brands,https://www.zoominfo.com/c/yum-brands-inc/43221463,$6.8 B,6800000000.0,188,,$500M+
Mass Mutual,https://www.zoominfo.com/c/massachusetts-mutual-life-insurance-co/46679461,$37.8 B,37800000000.0,97,,$500M+
Synchrony,https://www.zoominfo.com/c/synchrony-bank/371507822,$15.6 B,15600000000.0,97,,$500M+
Ballmer Group,https://www.zoominfo.com/c/the-ballmer-group/421848314,$7.5 M,7500000.0,170,,$5M - $10M
Emerson Collective,https://www.zoominfo.com/c/emerson-collective-llc/356093956,$7 M,7000000.0,194,,$5M - $10M
Open Society,https://www.zoominfo.com/c/open-society-institute/88310623,$149.3 M,149300000.0,189,,$100M - $500M
The California Endowment,https://www.zoominfo.com/c/the-california-endowment/6259310,$363.7 M,363700000.0,258,,$100M - $500M
UCHealth,https://www.zoominfo.com/c/uchealth/354432897,$9.6 M,9600000.0,97,,$5M - $10M
Caraid,https://www.zoominfo.com/c/cariad/552831932,$1.2 B,1200000000.0,0,,$500M+
Epic Games,https://www.zoominfo.com/c/epic-games-inc/41307247,$869.7 M,869700000.0,192,,$500M+
iProov,https://www.zoominfo.com/c/iproov-ltd/416370168,$20.5 M,20500000.0,96,,$10M - $50M
Lewis Silkin,https://www.zoominfo.com/c/lewis-silkin/70585438,$63.8 M,63800000.0,189,,$50M - $100M
Mitre,https://www.zoominfo.com/c/mitre-10-australia-pty-ltd/79037379,$4.4 B,4400000000.0,96,,$500M+
OT Cybersecurity Coalition –,https://www.zoominfo.com/c/cybersecurity-coalition/457584263,<$5 M,4000000.0,189,,$1M - $5M
Public Interest Registry,https://www.zoominfo.com/c/public-interest-registry/98386450,<$5 M,4000000.0,283,,$1M - $5M
Seagate,https://www.zoominfo.com/c/seagate-technology-llc/106676542,$10.6 B,10600000000.0,96,,$500M+
Truist,https://www.zoominfo.com/c/truist-financial-corp/1126796410,$7.2 M,7200000.0,95,,$5M - $10M
United Parcel Services,https://www.zoominfo.com/c/united-parcel-service-of-america-inc/40059389,$100.3 B,100300000000.0,187,,$500M+
8 Rivers,https://www.zoominfo.com/c/8-rivers/371761122,<$5 M,4000000.0,192,,$1M - $5M
Breckinridge Capital Advisors,https://www.zoominfo.com/c/breckinridge-capital-advisors-inc/5472425,$79.4 M,79400000.0,279,,$50M - $100M
Brown Advisory,https://www.zoominfo.com/c/brown-advisory-inc/18059325,$321.5 M,321500000.0,190,,$100M - $500M
Hannon Armstrong,https://www.zoominfo.com/c/hannon-armstrong-sustainable-infrastructure-capital-inc/17138607,$155.5 M,155500000.0,192,,$100M - $500M
Hartford Financial Services Group,https://www.zoominfo.com/c/the-hartford-financial-services-group-inc/22922051,$21.9 B,21900000000.0,337,,$500M+
LS Power,https://www.zoominfo.com/c/ls-power-control-%C2%A9/400696901,<$5 M,4000000.0,180,,$1M - $5M
NRC,https://www.zoominfo.com/c/nrc/430193529,$6.3 M,6300000.0,96,,$5M - $10M
Nuclear Energy Institute,https://www.zoominfo.com/c/nuclear-energy-institute/51203067,$54.3 M,54300000.0,256,,$50M - $100M
NuScale Power,https://www.zoominfo.com/c/nuscale-power-llc/354988181,<$5 M,4000000.0,180,,$1M - $5M
Securities Industry and Financial Markets Association,https://www.zoominfo.com/c/securities-industry-and-financial-markets-association/218513807,<$5 M,4000000.0,512,,$1M - $5M
TotalEnergies,https://www.zoominfo.com/c/totalenergies-se/551257307,$254.7 B,254700000000.0,96,,$500M+
Vistra,https://www.zoominfo.com/c/vistra-corp/508191971,$13.7 B,13700000000.0,96,,$500M+
Wellington Management,https://www.zoominfo.com/c/wellington-management-company-llp/157155360,$643.4 M,643400000.0,184,,$500M+
Westinghouse,https://www.zoominfo.com/c/westinghouse-electric-corp/565806969,$827.3 M,827300000.0,96,,$500M+
Snowflake,https://www.zoominfo.com/c/snowflake-inc/367752085,$1.6 B,1600000000.0,96,,$500M+
NASDAQ,https://www.zoominfo.com/c/nasdaq-inc/26214581,$6.2 B,6200000000.0,97,,$500M+
WiCyS,https://www.zoominfo.com/c/wicys/463988869,<$5 M,4000000.0,97,,$1M - $5M
Firstboard.io,https://www.zoominfo.com/c/firstboard-sdn-bhd/556300035,<$5 M,4000000.0,97,,$1M - $5M
General Motors,https://www.zoominfo.com/c/general-motors-ltd/351032301,$1.4 B,1400000000.0,190,,$500M+
TD Cowen,https://www.zoominfo.com/c/cowen-inc/20451386,$1.5 B,1500000000.0,97,,$500M+
Off Duty Management,https://www.zoominfo.com/c/off-duty-management/403356250,$11.5 M,11500000.0,281,,$10M - $50M
Center for Policing Equity,https://www.zoominfo.com/c/center-for-policing-equity/373642109,$22.1 M,22100000.0,368,,$10M - $50M
Versaterm Public Safety,https://www.zoominfo.com/c/versaterm-inc/65110027,$21.2 M,21200000.0,97,,$10M - $50M
Guardian Background Investigation Services,https://www.zoominfo.com/c/guardian-background-services-llc/463458718,<$5 M,4000000.0,276,,$1M - $5M
Whelan,https://www.zoominfo.com/c/wf-whelan-co/115425374,$15.4 M,15400000.0,97,,$10M - $50M
NicheRMS 365,https://www.zoominfo.com/c/niche-technology-inc/196330590,$16.3 M,16300000.0,0,,$10M - $50M
United Healthcare,https://www.zoominfo.com/c/united-healthcare-services-inc/39600459,$257.2 B,257200000000.0,188,,$500M+
BolaWrap,https://www.zoominfo.com/c/wrap-technologies-inc/404162541,$7.8M,7800000.0,0,,$5M - $10M
All-Star Talent,https://www.zoominfo.com/c/all-star-talent/507343101,$5M,5000000.0,291,,$5M - $10M
Waldorf University,https://www.zoominfo.com/c/waldorf-university/41320790,$21.9 M,21900000.0,191,,$10M - $50M
Justice Federal Credit Union,https://www.zoominfo.com/c/justice-federal-credit-union/79236026,$17.7 M,17700000.0,380,,$10M - $50M
Tito's,https://www.zoominfo.com/c/tito/429568041,<$5 M,4000000.0,97,,$1M - $5M
Extra Duty Solutions,https://www.zoominfo.com/c/extra-duty-solutions/375164493,<$5 M,4000000.0,284,,$1M - $5M
Clearview AI,https://www.zoominfo.com/c/clearview-ai/453673187,<$5 M,4000000.0,192,,$1M - $5M
National University,https://www.zoominfo.com/c/national-university/159220350,$161.8 M,161800000.0,177,,$100M - $500M
First Tactical,https://www.zoominfo.com/c/first-tactical/369090865,$9.4 M,9400000.0,193,,$5M - $10M
IACLEA,https://www.zoominfo.com/c/insclear-ab/466414830,<$5 M,4000000.0,0,,$1M - $5M
Kloxxado,https://www.zoominfo.com/c/xlear-inc/56705246,$21.4 M,21400000.0,0,,$10M - $50M
Galls,https://www.zoominfo.com/c/galls-llc/15499423,$345.8 M,345800000.0,97,,$100M - $500M
L.E.A.D.,https://www.zoominfo.com/c/lead/357237593,$19.7 M,19700000.0,0,,$10M - $50M
Geha,https://www.zoominfo.com/c/geha-bv/372662460,$5.3 M,5300000.0,97,,$5M - $10M
NW3C,https://www.zoominfo.com/c/national-white-collar-crime-center/26853701,$15.9 M,15900000.0,0,,$10M - $50M
The Riseling Group,https://www.zoominfo.com/c/riseling-group-llc/398632607,<$5 M,4000000.0,165,,$1M - $5M
Sheepdog Resume,https://www.zoominfo.com/c/resume-world-inc/32702867,<$5 M,4000000.0,97,,$1M - $5M
Columbia Southern University,https://www.zoominfo.com/c/columbia-southern-university/52793707,$112 M,112000000.0,286,,$100M - $500M
Roll Kall,https://www.zoominfo.com/c/rollkall-technologies-inc/359152807,$6.3 M,6300000.0,0,,$5M - $10M
University of San Diego,https://www.zoominfo.com/c/university-of-california-san-diego/34783420,$2.6 B,2600000000.0,359,,$500M+
COPS,https://www.zoominfo.com/c/cops-gmbh/353639943,$10.4 M,10400000.0,97,,$10M - $50M
DOJ US Marshall,https://www.zoominfo.com/c/department-of-justice---us-marshals-service/371583888,$2.1 B,2100000000.0,94,,$500M+
Bureau of Justice Assistance,https://www.zoominfo.com/c/bureau-of-justice-assistance/20843764,$6.3 M,6300000.0,357,,$5M - $10M
Office for State and Local Law Enforcement,https://www.zoominfo.com/c/pa-office-address/353076521,$1.5 B,1500000000.0,96,,$500M+
Valor Officer Safety and Wellness Program,https://www.zoominfo.com/c/valor-safety-services/1106477161,$5M,5000000.0,191,,$5M - $10M
Office of Inspector General,https://www.zoominfo.com/c/office-of-inspector-general/1218573308,<$5 M,4000000.0,358,,$1M - $5M
Customs and Border Control,https://www.zoominfo.com/c/customs-and-border-protection/52071942,$22 B,22000000000.0,267,,$500M+
ATF,https://www.zoominfo.com/c/atf-inc/353630366,$127.7 M,127700000.0,97,,$100M - $500M
FBI,https://www.zoominfo.com/c/fbi-leeda/536685278,$5 M,5000000.0,97,,$5M - $10M
US Federal Marshall,https://www.zoominfo.com/c/the-marshall-group/87198426,<$5 M,4000000.0,95,,$1M - $5M
Federal Law Enforcement Training Centers,https://www.zoominfo.com/c/federal-law-enforcement-training-center/37703975,$299.4 M,299400000.0,377,,$100M - $500M
ICE,https://www.zoominfo.com/c/ice/344978352,$17.6 M,17600000.0,97,,$10M - $50M
Collaborative Reform Initiative,https://ir.zoominfo.com/static-files/c828a4e8-9a57-4025-939a-b9e199df8780,$10 B,10000000000.0,0,,$500M+
Elevate Blue,https://www.zoominfo.com/c/elevate/355998249,$6.1 M,6100000.0,97,,$5M - $10M
ASPIRE,https://www.zoominfo.com/c/aspire/473134207,$7.1 M,7100000.0,97,,$5M - $10M
From Research to Reality: Recruiting More Women into the Policing Profession,,,,,,
Transportation Sercurity Administration,https://www.zoominfo.com/c/us-govt-transportation-security-administration/1254134187,<$5 M,4000000.0,193,,$1M - $5M
Federal Protection Services,https://www.zoominfo.com/c/federal-protection-services-limited/397936636,<$5 M,4000000.0,271,,$1M - $5M
Arizona Petroleum Marketers Association,https://www.zoominfo.com/c/the-western-petroleum-marketers-association/297009201,<$5 M,4000000.0,249,,$1M - $5M
Mittens,https://www.zoominfo.com/c/mittens/1312012383,<$5 M,4000000.0,97,,$1M - $5M
Encore Energy Group,https://www.zoominfo.com/c/encore-energy-corp/562958224,$21.5 M,21500000.0,170,,$10M - $50M
Empyreal Power,https://www.zoominfo.com/c/empyreal-power-llc/362917676,<$5 M,4000000.0,181,,$1M - $5M
Highs,https://www.zoominfo.com/c/highs-lows/345928152,$5M,5000000.0,97,,$5M - $10M
Pennsylvania Petroleum Association,https://www.zoominfo.com/c/pennsylvania-petroleum-association/113034194,$10M,10000000.0,253,,$10M - $50M
Sheetz,https://www.zoominfo.com/c/sheetz-inc/34734380,$11.7 B,11700000000.0,97,,$500M+
Innervations,https://www.zoominfo.com/c/innervations/357962152,$8.1 M,8100000.0,97,,$5M - $10M
Floresco Services,https://www.zoominfo.com/c/floresco-ltd/395260845,<$5 M,4000000.0,97,,$1M - $5M
Virginia Petroleum and Convenience Marketers Association,https://www.zoominfo.com/c/petroleum-marketing-group-inc/75482164,$296.3M,296300000.0,92,,$100M - $500M
Ohio Grocers Association,https://www.zoominfo.com/c/ohio-grocers-association/66489344,<$5 M,4000000.0,257,,$1M - $5M
Minnesota Petroleum Marketers Association,https://www.zoominfo.com/c/north-dakota-petroleum-marketers-association/84266136,<$5 M,4000000.0,249,,$1M - $5M
McIntosh Energy,https://www.zoominfo.com/c/mcintosh-energy/348012263,$6.7 M,6700000.0,170,,$5M - $10M
Oklahoma Petroleum Marketers and Convenience Store Association,https://www.zoominfo.com/c/the-oklahoma-petroleum-marketers-convenience--store-association/138019359,<$5 M,4000000.0,534,,$1M - $5M
Gasoline Equipment,https://www.zoominfo.com/c/gasoline-equipment/436544124,$5.2 M,5200000.0,193,,$5M - $10M
OnCue,https://www.zoominfo.com/c/oncue/354145276,$188.2 M,188200000.0,97,,$100M - $500M
Trinity Strategies,https://www.zoominfo.com/c/trinity-life-sciences/38928724,$74 M,74000000.0,97,,$50M - $100M
BTC Power,https://www.zoominfo.com/c/btc-power-inc/7783625,$14.4 M,14400000.0,181,,$10M - $50M
EVA Global,https://www.zoominfo.com/c/eva-global/541146314,$12.3 M,12300000.0,189,,$10M - $50M
EV Power Solutions,https://www.zoominfo.com/c/ev-power-solutions/371781110,$21.8 M,21800000.0,272,,$10M - $50M
Nikola,https://www.zoominfo.com/c/nikola/414840200,$50.8 M,50800000.0,97,,$50M - $100M
Red E,https://www.zoominfo.com/c/red-e-technology/372803999,<$5 M,4000000.0,190,,$1M - $5M
TXB,https://www.zoominfo.com/c/txb-stores/545861413,<$5 M,4000000.0,97,,$1M - $5M
Texas Food and Fuel Association,https://www.zoominfo.com/c/texas-food-fuel-association/374927142,<$5 M,4000000.0,352,,$1M - $5M
Circle K,https://www.zoominfo.com/c/circle-k-stores-inc/25809839,$26.2 B,26200000000.0,193,,$500M+
Conservative Texans for Energy Innovation,https://www.zoominfo.com/c/conservative-texans-for-energy-innovation/472871257,<$5 M,4000000.0,443,,$1M - $5M
RaceTrac,https://www.zoominfo.com/c/racetrac-petroleum-inc/93913372,$16.2 B,16200000000.0,97,,$500M+
Delek,https://www.zoominfo.com/c/delek-us-holdings-inc/49404159,$20.2 B,20200000000.0,97,,$500M+
Iowa 80 Group,https://www.zoominfo.com/c/iowa-80/127469114,$76.9 M,76900000.0,194,,$50M - $100M
World's Largest Truckstop,https://www.zoominfo.com/c/truckstop/38994325,$192.8 M,192800000.0,97,,$100M - $500M
Joplin 44,https://www.zoominfo.com/c/the-joplin-44-petro/348575352,$5.6 M,5600000.0,194,,$5M - $10M
Kenly 95,https://www.zoominfo.com/c/kenly-95/70780079,$5.2 M,5200000.0,194,,$5M - $10M
NACS,https://www.zoominfo.com/c/nacs-inc/57705615,$9.7 M,9700000.0,97,,$5M - $10M
NATSO,https://www.zoominfo.com/c/natso-inc/26394790,<$5 M,4000000.0,97,,$1M - $5M
National Grocers Association,https://www.zoominfo.com/c/national-grocers-association/26591351,$6.8 M,6800000.0,243,,$5M - $10M
Onvo,https://www.zoominfo.com/c/onvo-inc/546905046,$7.9 M,7900000.0,97,,$5M - $10M
49er Travel Plaza,https://www.zoominfo.com/c/travel-plaza-company/371260583,$7.9 M,7900000.0,192,,$5M - $10M
Shoemaker's Travel Centers,https://www.zoominfo.com/c/shoemaker-incorporated/353843773,<$5 M,4000000.0,97,,$1M - $5M
Sigma,https://www.zoominfo.com/c/sigma/147275966,$46.5 M,46500000.0,97,,$10M - $50M
24/7 Travel Store,https://www.zoominfo.com/c/24-7-travel-stores/351404989,$16.1 M,16100000.0,289,,$10M - $50M
Chester's,https://www.zoominfo.com/c/chester-inc/10454080,$12.6 M,12600000.0,97,,$10M - $50M
Loves,https://www.zoominfo.com/c/loves-travel-stops/1277365224,<$5 M,4000000.0,97,,$1M - $5M
blink,https://www.zoominfo.com/c/blink/419454497,$20.3 M,20300000.0,97,,$10M - $50M
The Hub,https://www.zoominfo.com/c/the-hub/556342841,$26.2 M,26200000.0,161,,$10M - $50M
Go-Station,https://www.zoominfo.com/c/go-station/556943481,<$5 M,4000000.0,194,,$1M - $5M
New England Convenience Store & Energy Marketers Association,https://www.zoominfo.com/c/yatco-energy/398586794,$18.9 M,18900000.0,73,,$10M - $50M
Pilot Company,https://www.zoominfo.com/c/pilot/345716841,$5.9 B,5900000000.0,97,,$500M+
GSTV,https://www.zoominfo.com/c/gstv/459580619,$277.9 M,277900000.0,97,,$100M - $500M
Rocket,https://www.zoominfo.com/c/rocket-companies-inc/363349181,$11.3 B,11300000000.0,96,,$500M+
enmarket,https://www.zoominfo.com/c/enmarket-inc/46943136,$190.1 M,190100000.0,97,,$100M - $500M
