Abell-Hanger Foundation,https://projects.propublica.org/nonprofits/organizations/756020781,ABELL-HANGER FOUNDATION,136945309.0,2021,8477164.0,$100M - $500M,128468146.0,1.0
Altec/Styslinger Foundation,https://projects.propublica.org/nonprofits/organizations/721372302,ALTEC-STYSLINGER FOUNDATION INC,142724890.0,2020,30859975.0,$100M - $500M,111864916.0,1.0
Claws Foundation,https://projects.propublica.org/nonprofits/organizations/201658710,CLAWS FOUNDATION,190616212.0,2020,109729050.0,$100M - $500M,80887163.0,1.0
Colcom Foundation,https://projects.propublica.org/nonprofits/organizations/311479839,COLCOM FOUNDATION,409558725.0,2020,24800478.0,$100M - $500M,388687078.0,3928831.0
Ed Foundation,https://projects.propublica.org/nonprofits/organizations/133424750,EDUCATIONAL FOUNDATION OF AMERICA,262472887.0,2020,15297380.0,$100M - $500M,250019524.0,2844017.0
Eugene and Agnes E. Meyer Foundation,https://projects.propublica.org/nonprofits/organizations/530241716,EUGENE & AGNES E MEYER FOUNDATION,243784001.0,2020,1998558.0,$100M - $500M,244278987.0,2493544.0
Gianforte Family Trust,https://projects.propublica.org/nonprofits/organizations/306089834,GIANFORTE FAM CHARITABLE TR,218377268.0,2020,10520359.0,$100M - $500M,207863952.0,7043.0
Gleason Family Foundation,https://projects.propublica.org/nonprofits/organizations/205804684,GLEASON FAMILY FOUNDATION,125970336.0,2020,18496365.0,$100M - $500M,109199176.0,1725205.0
John William Pope Foundation,https://projects.propublica.org/nonprofits/organizations/581691765,JOHN WILLIAM POPE FOUNDATION,163612504.0,2020,9049085.0,$100M - $500M,154563420.0,1.0
Lisa and Douglas Goldman Fund,https://projects.propublica.org/nonprofits/organizations/943167546,LISA AND DOUGLAS GOLDMAN FUND,296368244.0,2020,8018107.0,$100M - $500M,292548912.0,4198775.0
Lynch Foundation,https://projects.propublica.org/nonprofits/organizations/43017940,LYNCH FOUNDATION,152721825.0,2020,7320765.0,$100M - $500M,145946715.0,545655.0
Maclellan Foundation,https://projects.propublica.org/nonprofits/organizations/626041468,MACLELLAN FOUNDATION INC,251837939.0,2019,20672413.0,$100M - $500M,231168705.0,3179.0
"Mary Reynolds Babcock Foundation, Incorporated",https://projects.propublica.org/nonprofits/organizations/560690140,MARY REYNOLDS BABCOCK FOUNDATION INCORPORATED,255559756.0,2020,43943278.0,$100M - $500M,213051745.0,1435267.0
Mertz Gilmore Foundation,https://projects.propublica.org/nonprofits/organizations/132872722,MERTZ GILMORE FOUNDATION,117974281.0,2020,10360666.0,$100M - $500M,107613616.0,1.0
The George Gund Foundation,https://projects.propublica.org/nonprofits/organizations/346519769,GEORGE GUND FOUNDATION,545766595.0,2020,68811203.0,$500M+,476967286.0,11894.0
"The Harvey & Gloria Kaylie Foundation, Inc.",https://projects.propublica.org/nonprofits/organizations/113502781,HARVEY & GLORIA KAYLIE FOUNDATION INC,130403851.0,2020,28147449.0,$100M - $500M,103160748.0,904346.0
The Nathan Cummings Foundation,https://projects.propublica.org/nonprofits/organizations/237093201,THE NATHAN CUMMINGS FOUNDATION INC,464437536.0,2020,2680263.0,$100M - $500M,472595985.0,10838712.0
Windward Fund,https://projects.propublica.org/nonprofits/organizations/473522162,WINDWARD FUND,284693607.0,2020,158611799.0,$100M - $500M,136151371.0,10069563.0
Arcus Foundation,https://projects.propublica.org/nonprofits/organizations/383332791,ARCUS FOUNDATION,275583593.0,2020,35703685.0,$100M - $500M,264733626.0,24853718.0
JBP Foundation,https://projects.propublica.org/nonprofits/organizations/900747216,THE JPB FOUNDATION,3199658670.0,2020,160412323.0,$500M+,3039253044.0,6697.0
Josiah Macy Jr. Foundation,https://projects.propublica.org/nonprofits/organizations/135596895,JOSIAH MACY JR FOUNDATION,129131468.0,2020,2409379.0,$100M - $500M,127606100.0,884011.0
Searle Freedom Trust,https://projects.propublica.org/nonprofits/organizations/367244615,SEARLE FREEDOM TRUST,117570288.0,2020,12616372.0,$100M - $500M,105094955.0,141039.0
Howard G. Buffett Foundation,https://projects.propublica.org/nonprofits/organizations/470824756,HOWARD G BUFFETT FOUNDATION,457594199.0,2020,154813665.0,$100M - $500M,302780535.0,1.0
Roy and Patricia Disney Family Foundation,https://projects.propublica.org/nonprofits/organizations/611777495,ROY AND PATRICIA DISNEY FAMILY FOUNDATION,150896273.0,2020,5459242.0,$100M - $500M,148175181.0,2738150.0
Community Pharmacy Foundation,https://projects.propublica.org/nonprofits/organizations/364346799,COMMUNITY PHARMACY FOUNDATION,20600254.0,2020,1678959.0,$10M - $50M,18921295.0,0.0
Pisgah Health Foundation,https://projects.propublica.org/nonprofits/organizations/561458024,PISGAH HEALTH FOUNDATION,17514682.0,2020,5850939.0,$10M - $50M,13771281.0,2107538.0
Ed Uihlein Family Foundation,https://projects.propublica.org/nonprofits/organizations/205723621,ED UIHLEIN FAMILY FOUNDATION,37865868.0,2020,17054170.0,$10M - $50M,20933173.0,121475.0
Mercer Family Foundation,https://projects.propublica.org/nonprofits/organizations/201982204,MERCER FAMILY FOUNDATION,75197610.0,2020,29513438.0,$50M - $100M,45700386.0,16214.0
The Bauman Foundation,https://projects.propublica.org/nonprofits/organizations/133119290,BAUMAN FAMILY FOUNDATION,33074564.0,2021,2051341.0,$10M - $50M,31023224.0,1.0
Wallace H. Coulter Foundation,https://projects.propublica.org/nonprofits/organizations/311546126,WALLACE H COULTER FOUNDATION,71843364.0,2020,1832271.0,$50M - $100M,90111279.0,20100186.0
American Forest Foundation,https://projects.propublica.org/nonprofits/organizations/521235124,AMERICAN FOREST FOUNDATION,181114450.0,2020,11420300.0,$100M - $500M,171629003.0,1934853.0
Chrest Foundation,https://projects.propublica.org/nonprofits/organizations/752840026,CHREST FOUNDATION INC,36916109.0,2019,1647178.0,$10M - $50M,35540758.0,271827.0
Jaquelin Hume Foundation,https://projects.propublica.org/nonprofits/organizations/946080099,JACQUELINE HUME FOUNDATION,2639611.0,2019,52608.0,$1M - $5M,2643065.0,56062.0
Stoneman Family Foundation,,,,,,,,
Schott Foundation,https://projects.propublica.org/nonprofits/organizations/43457065,THE SCHOTT FOUNDATION FOR PUBLIC EDUCATION,11719645.0,2020,4383355.0,$10M - $50M,7733688.0,397398.0
CVS Health Foundation,https://projects.propublica.org/nonprofits/organizations/223206973,CVS FOUNDATION,188048330.0,2020,55807843.0,$100M - $500M,140049566.0,7809079.0
Annenberg Foundation,https://projects.propublica.org/nonprofits/organizations/236257083,THE ANNENBERG FOUNDATION,1659549099.0,2020,55064953.0,$500M+,1652479014.0,47994868.0
Bernard and Anne Spitzer Charitable Trust,https://projects.propublica.org/nonprofits/organizations/137298842,BERNARD AND ANNE SPITZER CHARITABLE TR,555057010.0,2020,17565686.0,$500M+,543937606.0,6446282.0
Beth and Ravenel Curry Foundation,https://projects.propublica.org/nonprofits/organizations/237411083,BETH AND RAVENEL CURRY FOUNDATION,506204178.0,2020,44744046.0,$500M+,461460133.0,1.0
Communities Foundation of Texas,https://projects.propublica.org/nonprofits/organizations/750964565,COMMUNITIES FOUNDATION OF TEXAS,854166423.0,2020,206780551.0,$500M+,722475684.0,75089812.0
Ewing Marion Kauffman Foundation,https://projects.propublica.org/nonprofits/organizations/436064859,EWING MARION KAUFFMAN FOUNDATION,2444262984.0,2020,236570819.0,$500M+,2207805738.0,113573.0
Harry & Jeanette Weinberg Foundation,https://projects.propublica.org/nonprofits/organizations/526037034,THE HARRY & JEANETTE WEINBERG FOUNDATION INC,1923034249.0,2020,152877390.0,$500M+,1774444450.0,4287591.0
Longwood Foundation,https://projects.propublica.org/nonprofits/organizations/510066734,LONGWOOD FOUNDATION INC,770240953.0,2020,53076926.0,$500M+,810983180.0,93819153.0
Robert R. Mccormick Foundation,https://projects.propublica.org/nonprofits/organizations/363689171,ROBERT R MCCORMICK FOUNDATION,1524253539.0,2020,43489096.0,$500M+,1522880168.0,42115725.0
Seattle Foundation,https://projects.propublica.org/nonprofits/organizations/916013536,THE SEATTLE FOUNDATION,1448380971.0,2020,303698138.0,$500M+,1281544781.0,136861948.0
The James Irvine Foundation,https://projects.propublica.org/nonprofits/organizations/941236937,JAMES IRVINE FOUNDATION,3685128117.0,2020,217446676.0,$500M+,3607350903.0,139669462.0
The Jpb Foundation,https://projects.propublica.org/nonprofits/organizations/900747216,THE JPB FOUNDATION,3199658670.0,2020,160412323.0,$500M+,3039253044.0,6697.0
The Robert Wood Johnson Foundation,https://projects.propublica.org/nonprofits/organizations/226029397,ROBERT WOOD JOHNSON FOUNDATION,13314993090.0,2020,728272220.0,$500M+,13220198571.0,633477701.0
The Susan Thompson Buffett Foundation,https://projects.propublica.org/nonprofits/organizations/476032365,THE SUSAN THOMPSON BUFFETT FOUNDATION,1721282852.0,2020,438584092.0,$500M+,1617409744.0,334710984.0
Tides Foundation,https://projects.propublica.org/nonprofits/organizations/510198509,TIDES FOUNDATION,1993816560.0,2020,1066458024.0,$500M+,1008648994.0,81290458.0
Susan Thompson Buffett Foundation,https://projects.propublica.org/nonprofits/organizations/476032365,THE SUSAN THOMPSON BUFFETT FOUNDATION,1721282852.0,2020,438584092.0,$500M+,1617409744.0,334710984.0
The Gates Foundation,https://projects.propublica.org/nonprofits/organizations/562618866,BILL & MELINDA GATES FOUNDATION,52223925177.0,2020,6827303678.0,$500M+,51780459259.0,6383837760.0
Kresge Foundation,https://projects.propublica.org/nonprofits/organizations/381359217,KRESGE FOUNDATION,4396138859.0,2020,288149512.0,$500M+,4221623029.0,113633682.0
NoVo Foundation,https://projects.propublica.org/nonprofits/organizations/470824753,NOVO FOUNDATION,496693524.0,2020,236125352.0,$100M - $500M,453240395.0,192672223.0
Oklahoma City Community Foundation,https://projects.propublica.org/nonprofits/organizations/237024262,OKLAHOMA CITY COMMUNITY FOUNDATION INC,634054963.0,2020,68785609.0,$500M+,584174786.0,18905432.0
Pittsburgh Foundation,https://projects.propublica.org/nonprofits/organizations/250965466,PITTSBURGH FOUNDATION,1391155036.0,2020,110535351.0,$500M+,1354368497.0,73748812.0
Truist Foundation,https://projects.propublica.org/nonprofits/organizations/237336418,TRUIST FOUNDATION INC,512641980.0,2020,41457246.0,$500M+,471184735.0,1.0
W.K. Kellogg Foundation,https://projects.propublica.org/nonprofits/organizations/381359264,W K KELLOGG FOUNDATION,456572500.0,2020,353854152.0,$100M - $500M,385996612.0,283278264.0
Electronic Frontier Foundation,https://projects.propublica.org/nonprofits/organizations/43091431,ELECTRONIC FRONTIER FOUNDATION INC,50496744.0,2020,12212821.0,$50M - $100M,40689795.0,2405872.0
The National Association of Chain Drug Stores (NACDS) Foundation,https://projects.propublica.org/nonprofits/organizations/135582579,NATIONAL ASSOCIATION OF CHAIN DRUG STORES INC,112143247.0,2020,33053094.0,$100M - $500M,104384631.0,25294478.0
Asness Family Foundation,https://projects.propublica.org/nonprofits/organizations/814745940,ASNESS FAMILY FOUNDATION,32378002.0,2021,1700650.0,$10M - $50M,30677353.0,1.0
"Proteus Fund, Inc.",https://projects.propublica.org/nonprofits/organizations/43243004,PROTEUS FUND INC,74603847.0,2020,43033810.0,$50M - $100M,37109243.0,5539206.0
Randolph Foundation,https://projects.propublica.org/nonprofits/organizations/470892971,RANDOLPH FOUNDATION,66542938.0,2020,6662983.0,$50M - $100M,59879956.0,1.0
Sarah Scaife Foundation,https://projects.propublica.org/nonprofits/organizations/251113452,SARAH SCAIFE FOUNDATION INC,683189097.0,2020,67893408.0,$500M+,615861048.0,565359.0
DRK Foundation,https://projects.propublica.org/nonprofits/organizations/912172351,DRAPER RICHARDS KAPLAN FOUNDATION,74019764.0,2015,20603194.0,$50M - $100M,54052515.0,635945.0
James Irvine Foundation ,https://projects.propublica.org/nonprofits/organizations/941236937,JAMES IRVINE FOUNDATION,3685128117.0,2020,217446676.0,$500M+,3607350903.0,139669462.0
Bouncer Foundation,https://projects.propublica.org/nonprofits/organizations/134119735,BOUNCER FOUNDATION INC,5177811.0,2020,192630.0,$5M - $10M,4985182.0,1.0
Chiaroscuro Foundation,https://projects.propublica.org/nonprofits/organizations/205858767,CHIAROSCURO FOUNDATION,9521459.0,2014,9322963.0,$5M - $10M,198497.0,1.0
David and Julia Uihlein Charitable Foundation,https://projects.propublica.org/nonprofits/organizations/391822364,DAVID AND JULIA UIHLEIN CHARITABLE FOUNDATION INC,1.0,2020,1.0,Under $1 Million,1.0,1.0
Sandler Foundation,https://projects.propublica.org/nonprofits/organizations/363588701,SANDLER FOUNDATION,25070.0,2020,-5918.0,Under $1 Million,55000.0,24012.0
Information Technology & Innovation Foundation,https://projects.propublica.org/nonprofits/organizations/204403497,INFORMATION TECHNOLOGY ANDINNOVATION FOUNDATION,8793417.0,2020,4937375.0,$5M - $10M,6770057.0,2914015.0
Elton John Foundation,https://projects.propublica.org/nonprofits/organizations/582033460,ELTON JOHN AIDS FOUNDATION INC,18554311.0,2020,7466203.0,$10M - $50M,16006755.0,4918647.0
H. van Amerigen Foundation,https://projects.propublica.org/nonprofits/organizations/136215329,H VAN AMERINGEN FOUNDATION,19975884.0,2020,5776580.0,$10M - $50M,14199305.0,1.0
Irene Diamond Fund,https://projects.propublica.org/nonprofits/organizations/132678431,IRENE DIAMOND FUND INC,9821049.0,2014,23812.0,$5M - $10M,10071331.0,274094.0
Levi Strauss Foundation,https://projects.propublica.org/nonprofits/organizations/946064702,LEVI STRAUSS FOUNDATION,72951643.0,2020,-213007.0,$50M - $100M,76027557.0,2862907.0
Open Society Foundation,https://projects.propublica.org/nonprofits/organizations/137029285,OPEN SOCIETY INSTITUTE,3720875073.0,2020,526468189.0,$500M+,3969456779.0,775049895.0
Robert Wood Johnson Foundation,https://projects.propublica.org/nonprofits/organizations/226029397,ROBERT WOOD JOHNSON FOUNDATION,13314993090.0,2020,728272220.0,$500M+,13220198571.0,633477701.0
Chestnut Fund,https://projects.propublica.org/nonprofits/organizations/954793268,THE CHESTNUT FOUNDATION,10062038.0,2013,5374.0,$10M - $50M,10056665.0,1.0
Cloud Mountain Foundation,https://projects.propublica.org/nonprofits/organizations/43493352,CLOUD MOUNTAIN FOUNDATION,97893606.0,2020,30853842.0,$50M - $100M,67039765.0,1.0
Limestone Foundation,https://projects.propublica.org/nonprofits/organizations/631074254,LIMESTONE AREA COMMUNITY FOUNDATION INC,859323.0,2017,105563.0,Under $1 Million,754188.0,428.0
New-Land Foundation,https://projects.propublica.org/nonprofits/organizations/136086562,NEW-LAND FOUNDATION INC,27105633.0,2020,2296327.0,$10M - $50M,24809307.0,1.0
Omidyar Network Fund,https://projects.propublica.org/nonprofits/organizations/201173866,OMIDYAR NETWORK FUND INC,500742364.0,2020,21031743.0,$500M+,490038780.0,10328159.0
Peace and Security Funders Group (PSFG),,,,,,,,
Ploughshares Fund,https://projects.propublica.org/nonprofits/organizations/942764520,PLOUGHSHARES FUND INC,34838959.0,2019,6534084.0,$10M - $50M,29812871.0,1507996.0
Prospect Hill Foundation,https://projects.propublica.org/nonprofits/organizations/205572208,PROSPECT HILL FOUNDATION INC,9578930.0,2020,3154564.0,$5M - $10M,6424367.0,1.0
Proteus Fund,https://projects.propublica.org/nonprofits/organizations/43243004,PROTEUS FUND INC,74603847.0,2020,43033810.0,$50M - $100M,37109243.0,5539206.0
Scherman Foundation,https://projects.propublica.org/nonprofits/organizations/136098464,SCHERMAN FOUNDATION INC,113079689.0,2020,4104386.0,$100M - $500M,108975304.0,1.0
Wellspring Philanthropic Fund,https://projects.propublica.org/nonprofits/organizations/223692921,WELLSPRING PHILANTROPIC FUND INC,857868485.0,2020,608288807.0,$500M+,251456536.0,1876858.0
ClearPath Foundation,https://projects.propublica.org/nonprofits/organizations/825026325,CLEARPATH INC,9354459.0,2020,7077419.0,$5M - $10M,3825790.0,1548750.0
Moore Foundation,https://projects.propublica.org/nonprofits/organizations/473475285,MOORE FOUNDATION INCORPORATED,881.0,2016,750.0,Under $1 Million,131.0,0.0
Rockefeller Brothers Fund ,https://projects.propublica.org/nonprofits/organizations/131760106,ROCKEFELLER BROTHERS FUND INC,1466192313.0,2020,46026041.0,$500M+,1460297611.0,40131339.0
The Funders Network,https://projects.propublica.org/nonprofits/organizations/571173613,THE FUNDERS NETWORK INC,12623925.0,2021,5142783.0,$10M - $50M,7738513.0,257371.0
The Robertson Foundation,https://projects.propublica.org/nonprofits/organizations/137068398,ROBERTSON FOUNDATION,297947333.0,2020,2146293.0,$100M - $500M,295801041.0,1.0
Wyss Foundation,https://projects.propublica.org/nonprofits/organizations/251823874,WYSS FOUNDATION,2053473471.0,2020,34466169.0,$500M+,2019332322.0,325020.0
Laura and John Arnold Foundation,https://projects.propublica.org/nonprofits/organizations/263241764,LAURA AND JOHN ARNOLD FOUNDATION,3408812537.0,2020,716274205.0,$500M+,2692538333.0,1.0
Libra Foundation,https://projects.propublica.org/nonprofits/organizations/364812310,LIBRA FOUNDATION,546903166.0,2020,30944147.0,$500M+,525532142.0,9573123.0
Michael J. Fox Foundation,https://projects.propublica.org/nonprofits/organizations/134141945,MICHAEL J FOX FOUNDATION FOR PARKINSONS RESEARCH,308940121.0,2020,202285896.0,$100M - $500M,231669888.0,125015663.0
Boston Foundation,https://projects.propublica.org/nonprofits/organizations/42104021,BOSTON FOUNDATION INC,1375362583.0,2020,182767888.0,$500M+,1201631617.0,9036922.0
Heising-Simons Foundation  ,https://projects.propublica.org/nonprofits/organizations/260799587,THE HEISING-SIMONS FOUNDATION,884151797.0,2020,190726455.0,$500M+,752996597.0,59571255.0
Silicon Valley Community Foundation ,https://projects.propublica.org/nonprofits/organizations/205205488,SILICON VALLEY COMMUNITY FOUNDATION,12654088727.0,2020,2635999525.0,$500M+,10766839330.0,748750128.0
The California Wellness Foundation ,https://projects.propublica.org/nonprofits/organizations/954292101,THE CALIFORNIA WELLNESS FOUNDATION,1193864505.0,2020,100571386.0,$500M+,1108598057.0,15304938.0
Patrick J. McGovern Foundation,https://projects.propublica.org/nonprofits/organizations/223021586,THE PATRICK J MCGOVERN FOUNDATION INC,1282690726.0,2020,15401238.0,$500M+,1274909758.0,7620270.0
Rockefeller Foundation,https://projects.propublica.org/nonprofits/organizations/131659629,ROCKEFELLER FOUNDATION,6637104358.0,2020,356063644.0,$500M+,7117904789.0,836864075.0
John Templeton Foundation,https://projects.propublica.org/nonprofits/organizations/621322826,JOHN TEMPLETON FOUNDATION,3992899290.0,2020,229940602.0,$500M+,3783211705.0,20253017.0
International Fund for Agricultural Development,https://projects.propublica.org/nonprofits/organizations/751824668,AGRICULTURAL DEVELOPMENT FUND,6254324.0,2020,5298585.0,$5M - $10M,1191312.0,235573.0
The David Rockefeller Fund,https://projects.propublica.org/nonprofits/organizations/133533359,THE DAVID ROCKEFELLER FUND INC,67470446.0,2020,2193987.0,$50M - $100M,66044643.0,768184.0
The Harry Frank Guggenheim Foundation,https://projects.propublica.org/nonprofits/organizations/136043471,HARRY FRANK GUGGENHEIM FOUNDATION,74774076.0,2020,2414036.0,$50M - $100M,72360041.0,1.0
Boston Trust Walden,https://projects.propublica.org/nonprofits/organizations/256027635,WALDEN TRUST,177234.0,2020,31948.0,Under $1 Million,145287.0,1.0
The Century Foundation,https://projects.propublica.org/nonprofits/organizations/131624235,THE CENTURY FOUNDATION INC,63592228.0,2015,2002586.0,$50M - $100M,61991477.0,401835.0
Depository Trust & Clearing Corporation,https://projects.propublica.org/nonprofits/organizations/205258907,CLEARING CORPORATION CHARITABLEFOUNDATION,13885459.0,2015,586375.0,$10M - $50M,13299085.0,1.0
Stavros Niarchos Foundation,https://projects.propublica.org/nonprofits/organizations/593020374,STAVROS FAMILY FOUNDATION INC,5025.0,2015,1.0,Under $1 Million,5025.0,1.0
Barr Foundation,https://projects.propublica.org/nonprofits/organizations/46579815,BARR FOUNDATION,1806503016.0,2020,284380586.0,$500M+,1544083441.0,21961011.0
Ford Foundation,https://projects.propublica.org/nonprofits/organizations/131684331,FORD FOUNDATION,16418750512.0,2020,652006894.0,$500M+,17808777548.0,2042033930.0
"Woodstock Foundation, Inc",https://projects.propublica.org/nonprofits/organizations/30221142,THE WOODSTOCK FOUNDATION INC,105848297.0,2020,4508256.0,$100M - $500M,102905276.0,1565235.0
Woodcock Foundation,https://projects.propublica.org/nonprofits/organizations/341606085,WOODCOCK FOUNDATION,92804528.0,2020,19650027.0,$50M - $100M,73154502.0,1.0
Heising-Simons Foundation,https://projects.propublica.org/nonprofits/organizations/260799587,THE HEISING-SIMONS FOUNDATION,884151797.0,2020,190726455.0,$500M+,752996597.0,59571255.0
Silicon Valley Community Foundation,https://projects.propublica.org/nonprofits/organizations/205205488,SILICON VALLEY COMMUNITY FOUNDATION,12654088727.0,2020,2635999525.0,$500M+,10766839330.0,748750128.0
The California Wellness Foundation,https://projects.propublica.org/nonprofits/organizations/954292101,THE CALIFORNIA WELLNESS FOUNDATION,1193864505.0,2020,100571386.0,$500M+,1108598057.0,15304938.0
Rockefeller Brothers Fund,https://projects.propublica.org/nonprofits/organizations/131760106,ROCKEFELLER BROTHERS FUND INC,1466192313.0,2020,46026041.0,$500M+,1460297611.0,40131339.0
Gavin Foundation,https://projects.propublica.org/nonprofits/organizations/43220123,GAVIN FOUNDATION INC,29121279.0,2020,19548801.0,$10M - $50M,18354097.0,8781619.0
Houston Police Foundation,https://projects.propublica.org/nonprofits/organizations/201209272,HOUSTON POLICE FOUNDATION,5976738.0,2020,4264709.0,$5M - $10M,4907066.0,3195037.0
CPR Foundation,https://projects.propublica.org/nonprofits/organizations/510312256,CITIZEN CPR FOUNDATION INC,410679.0,2020,291739.0,Under $1 Million,118940.0,0.0
Well Being Trust,https://projects.propublica.org/nonprofits/organizations/931234668,WELL BEING FOUNDATION,2720156.0,2020,457290.0,$1M - $5M,2800076.0,537210.0
John Heller Fund,https://projects.propublica.org/nonprofits/organizations/223661057,HELLER FOUNDATION INC,7567998.0,2020,1199733.0,$5M - $10M,6368266.0,1.0
Bezos Family Foundation,https://projects.propublica.org/nonprofits/organizations/912073258,BEZOS FAMILY FOUNDATION,248161192.0,2020,91432193.0,$100M - $500M,156729000.0,1.0
Hackett Foundation,https://projects.propublica.org/nonprofits/organizations/760522431,HACKETT FAMILY FOUNDATION,360363.0,2020,33900.0,Under $1 Million,326464.0,1.0
Morgan Stanley Foundation,https://projects.propublica.org/nonprofits/organizations/136155650,MORGAN STANLEY FOUNDATION,32209614.0,2020,1273135.0,$10M - $50M,31328552.0,392073.0
Rare Impact Fund,https://projects.propublica.org/nonprofits/organizations/943161863,IMPACT FUND,4077961.0,2020,1689116.0,$1M - $5M,2665425.0,276580.0
Upswing Fund for Adolescent Mental Health,https://projects.propublica.org/nonprofits/organizations/822226827,UPSWING COLLECTIVE,293035.0,2018,226868.0,Under $1 Million,66306.0,139.0
Conrad N. Hilton Foundation,https://projects.propublica.org/nonprofits/organizations/943100217,CONRAD N HILTON FOUNDATION,10118359009.0,2020,2481413875.0,$500M+,7732630405.0,95685271.0
Educational Foundation of America,https://projects.propublica.org/nonprofits/organizations/133424750,EDUCATIONAL FOUNDATION OF AMERICA,262472887.0,2020,15297380.0,$100M - $500M,250019524.0,2844017.0
Elsa and Peter Soderberg Charitable Foundation,https://projects.propublica.org/nonprofits/organizations/274360163,ELSA AND PETER SODERBERG CHARITABLE FOUNDATION INC,22250412.0,2020,2900759.0,$10M - $50M,19349654.0,1.0
Fairfield County Community Foundation,https://projects.propublica.org/nonprofits/organizations/61083893,FAIRFIELD COUNTYS COMMUNITY FOUNDATION INC,304821077.0,2021,42534303.0,$100M - $500M,264164706.0,1877932.0
Lalor Foundation,https://projects.propublica.org/nonprofits/organizations/516000153,LALOR FOUNDATION INC,21344937.0,2020,1765668.0,$10M - $50M,19855716.0,276447.0
Linked Foundation,https://projects.propublica.org/nonprofits/organizations/203880761,LINKED FOUNDATION,3412220.0,2020,1255354.0,$1M - $5M,2156947.0,81.0
Marriott Foundation,https://projects.propublica.org/nonprofits/organizations/526068678,J WILLARD AND ALICE S MARRIOTT FOUNDATION,455623140.0,2020,13185067.0,$100M - $500M,442454034.0,15961.0
Missouri Foundation for Health,https://projects.propublica.org/nonprofits/organizations/431880952,MISSOURI FOUNDATION FOR HEALTH,1270945551.0,2020,28045192.0,$500M+,1321497115.0,78596756.0
Serena Foundation,https://projects.propublica.org/nonprofits/organizations/200187582,THE SERENA BAILEY FOUNDATION INC,978936.0,2020,33753.0,Under $1 Million,945184.0,1.0
SKB Foundation,https://projects.propublica.org/nonprofits/organizations/943024121,SKB FOUNDATION,6579034.0,2020,307359.0,$5M - $10M,6271676.0,1.0
Spark Fund,https://projects.propublica.org/nonprofits/organizations/465414973,SPARK FOUNDATION,1205634.0,2020,15474.0,$1M - $5M,1190161.0,1.0
Tara Health Foundation,https://projects.propublica.org/nonprofits/organizations/465645300,TARA HEALTH FOUNDATION,77242220.0,2020,2076616.0,$50M - $100M,79281070.0,4115466.0
Regional Foundation,https://projects.propublica.org/nonprofits/organizations/646026793,REGIONS FOUNDATION,11368757.0,2020,354502.0,$10M - $50M,11014256.0,1.0
Stoneleigh Foundation,https://projects.propublica.org/nonprofits/organizations/371526458,STONELEIGH FOUNDATION,115152444.0,2021,5349116.0,$100M - $500M,112697623.0,2894295.0
William Penn Foundation,https://projects.propublica.org/nonprofits/organizations/231503488,WILLIAM PENN FOUNDATION,3323345947.0,2020,175834650.0,$500M+,3219138685.0,71627388.0
Neubauer Foundation,https://projects.propublica.org/nonprofits/organizations/256627704,NEUBAUER FAMILY FOUNDATION,386943031.0,2019,24278114.0,$100M - $500M,362664917.0,0.0
The John Heller Fund,https://projects.propublica.org/nonprofits/organizations/223661057,HELLER FOUNDATION INC,7567998.0,2020,1199733.0,$5M - $10M,6368266.0,1.0
Patrick P. Lee Foundation,https://projects.propublica.org/nonprofits/organizations/453845576,PATRICK P LEE FOUNDATION INC,44146477.0,2020,2064157.0,$10M - $50M,42848933.0,766613.0
The Peter and Elizabeth Tower Foundation,https://projects.propublica.org/nonprofits/organizations/166350753,PETER & ELIZABETH C TOWER FOUNDATION TR,118514079.0,2020,3583165.0,$100M - $500M,115091305.0,160391.0
The Sheller Family Foundation,https://projects.propublica.org/nonprofits/organizations/233102577,SHELLER FAMILY FOUNDATION,6534509.0,2020,-548678.0,$5M - $10M,7083188.0,1.0
Campbell's Soup Foundation,https://projects.propublica.org/nonprofits/organizations/586205065,THE CAMPBELL FOUNDATION,7262009.0,2020,649041.0,$5M - $10M,6612969.0,1.0
The Nelson Foundation,https://projects.propublica.org/nonprofits/organizations/720579110,NELSON FOUNDATION,702860.0,2020,254001.0,Under $1 Million,448860.0,1.0
The Horner Foundation,https://projects.propublica.org/nonprofits/organizations/260697610,HORNER FOUNDATION,3815562.0,2020,131744.0,$1M - $5M,3683819.0,1.0
Patricia Kind Family Foundation,https://projects.propublica.org/nonprofits/organizations/237839035,PATRICIA KIND FAMILY FOUNDATION,30609949.0,2020,1633162.0,$10M - $50M,28976788.0,1.0
The Claneil Foundation,https://projects.propublica.org/nonprofits/organizations/236445450,CLANEIL FOUNDATION INC,70083658.0,2020,7875439.0,$50M - $100M,64385310.0,2177091.0
The Henry J. Kaiser Family Foundation,https://projects.propublica.org/nonprofits/organizations/946064808,HENRY J KAISER FAMILY FOUNDATION,846097120.0,2020,123035236.0,$500M+,892163635.0,169101751.0
Jewish Healthcare Foundation,https://projects.propublica.org/nonprofits/organizations/251624347,JEWISH HEALTHCARE FOUNDATION OF PITTSBURGH,170760947.0,2020,15944425.0,$100M - $500M,167156555.0,12340033.0
Philadelphia Foundation,https://projects.propublica.org/nonprofits/organizations/231581832,PHILADELPHIA FOUNDATION,579496843.0,2020,77874752.0,$500M+,520035912.0,18413821.0
Health Spark Foundation,https://projects.propublica.org/nonprofits/organizations/231352175,HEALTHSPARK FOUNDATION,40809815.0,2020,1000144.0,$10M - $50M,43989102.0,4179431.0
Edna McConnell Clark Foundation,https://projects.propublica.org/nonprofits/organizations/237047034,THE EDNA MCCONNELL CLARK FOUNDATION,853757024.0,2019,61436957.0,$500M+,794211555.0,1891488.0
The Barra Foundation,https://projects.propublica.org/nonprofits/organizations/236277885,BARRA FOUNDATION INC,82510150.0,2020,3667037.0,$50M - $100M,78843114.0,1.0
Trusted Elections Fund,https://projects.propublica.org/nonprofits/organizations/541578880,ELECTION CENTER,3435993.0,2020,865384.0,$1M - $5M,2573882.0,3273.0
Tuttleman Foundation,https://projects.propublica.org/nonprofits/organizations/237715836,TUTTLEMAN FOUNDATION,16646084.0,2020,2439127.0,$10M - $50M,14206958.0,1.0
The Abelard Foundation,https://projects.propublica.org/nonprofits/organizations/136064580,ABELARD FOUNDATION INC,7436053.0,2020,501200.0,$5M - $10M,6934854.0,1.0
Agua Fund,https://projects.propublica.org/nonprofits/organizations/113659697,AGUA FUND INC,17255590.0,2020,4102120.0,$10M - $50M,13215794.0,62324.0
Rita Allen Foundation,https://projects.propublica.org/nonprofits/organizations/136116429,RITA ALLEN FOUNDATION,198570561.0,2020,6416455.0,$100M - $500M,192154107.0,1.0
Alphawood Foundation,https://projects.propublica.org/nonprofits/organizations/363805338,ALPHAWOOD FOUNDATION,109653193.0,2021,5248551.0,$100M - $500M,106041113.0,1636471.0
Amalgamated Foundation,https://projects.propublica.org/nonprofits/organizations/821517696,AMALGAMATED CHARITABLE FOUNDATION INC,129318969.0,2020,87151972.0,$100M - $500M,42214172.0,47175.0
AMB Foundation,https://projects.propublica.org/nonprofits/organizations/364188235,AMB FOUNDATION,2155224.0,2020,70955.0,$1M - $5M,2084270.0,1.0
Ametek Foundation,https://projects.propublica.org/nonprofits/organizations/136095939,AMETEK FOUNDATION INC,11164288.0,2020,3147442.0,$10M - $50M,8322097.0,305251.0
Anderson-Rodgers Foundation,https://projects.propublica.org/nonprofits/organizations/223052390,ANDERSON-ROGERS FOUNDATION INC,17722534.0,2019,726321.0,$10M - $50M,16996213.0,0.0
Applied Materials Foundation,https://projects.propublica.org/nonprofits/organizations/770386898,APPLIED MATERIALS FOUNDATION,18300949.0,2020,6340229.0,$10M - $50M,13786493.0,1825773.0
Arca Foundation,https://projects.propublica.org/nonprofits/organizations/132751798,ARCA FOUNDATION,59141993.0,2020,3467592.0,$50M - $100M,55899375.0,224974.0
Arkay Foundation,https://projects.propublica.org/nonprofits/organizations/770404924,ARKAY FOUNDATION,19809305.0,2020,526151.0,$10M - $50M,19294645.0,11491.0
Aviv Foundation,https://projects.propublica.org/nonprofits/organizations/474498674,AVIV FOUNDATION INC,26656855.0,2020,3477108.0,$10M - $50M,23211604.0,31857.0
Mary Reynolds Babcock Foundation,https://projects.propublica.org/nonprofits/organizations/560690140,MARY REYNOLDS BABCOCK FOUNDATION INCORPORATED,255559756.0,2020,43943278.0,$100M - $500M,213051745.0,1435267.0
Baring Foundation,https://projects.propublica.org/nonprofits/organizations/431101086,BARING COMMUNITY SENIOR HOUSING INC,92227.0,2020,60565.0,Under $1 Million,98462.0,66800.0
B.W. Bastian Foundation,https://projects.propublica.org/nonprofits/organizations/841378232,B W BASTIAN FOUNDATION,8528351.0,2020,430826.0,$5M - $10M,8358164.0,260639.0
Bauman Foundation,https://projects.propublica.org/nonprofits/organizations/133119290,BAUMAN FAMILY FOUNDATION,33074564.0,2021,2051341.0,$10M - $50M,31023224.0,1.0
Bay and Paul Foundation,https://projects.propublica.org/nonprofits/organizations/131991717,BAY AND PAUL FOUNDATIONS INC,49287196.0,2020,5844277.0,$10M - $50M,46107272.0,2664353.0
Benjamin Fund,https://projects.propublica.org/nonprofits/organizations/841618483,BENJAMIN FUND INC,40622101.0,2020,993895.0,$10M - $50M,39628207.0,1.0
Ben and Jerry's Foundation,https://projects.propublica.org/nonprofits/organizations/30300865,BEN & JERRYS FOUNDATION,9506266.0,2020,3933305.0,$5M - $10M,5681037.0,108076.0
The Lynde and Harry Bradley Foundation,https://projects.propublica.org/nonprofits/organizations/396037928,LYNDE AND HARRY BRADLEY FOUNDATION INC,1127562220.0,2020,82867746.0,$500M+,1061478184.0,16783710.0
Bohemian Foundation,https://projects.propublica.org/nonprofits/organizations/841605993,BOHEMIAN FOUNDATION,112257575.0,2020,42575066.0,$100M - $500M,71066184.0,1383675.0
Branscomb Family Foundation,https://projects.propublica.org/nonprofits/organizations/133355618,THE BRANSCOMB FAMILY FOUNDATION,726020.0,2020,82524.0,Under $1 Million,643497.0,1.0
Brown Foundation,https://projects.propublica.org/nonprofits/organizations/746036466,BROWN FOUNDATION INC,1063544610.0,2021,114311330.0,$500M+,949233281.0,1.0
Careth Foundation,https://projects.propublica.org/nonprofits/organizations/42433914,CARETH FOUNDATION INC,2283965.0,2020,130136.0,$1M - $5M,2153830.0,1.0
Case Foundation,https://projects.propublica.org/nonprofits/organizations/541848791,STEPHEN CASE FOUNDATION,1249152.0,2020,1127978.0,$1M - $5M,126910.0,5736.0
Marguerite Casey Foundation,https://projects.propublica.org/nonprofits/organizations/912062197,MARGUERITE CASEY FOUNDATION,924324429.0,2020,51646469.0,$500M+,883501632.0,10823672.0
Climateworks Foundation,https://projects.propublica.org/nonprofits/organizations/262303250,CLIMATEWORKS FOUNDATION,422740089.0,2020,178775280.0,$100M - $500M,272486239.0,28521430.0
Climate Emergency Fund,https://projects.propublica.org/nonprofits/organizations/263106566,ACTION FOR THE CLIMATE EMERGENCY INC,5482958.0,2020,4015247.0,$5M - $10M,2183794.0,716083.0
Naomi and Nehemiah Cohen Foundation,https://projects.propublica.org/nonprofits/organizations/201135004,NAOMI AND NEHEMIAH COHEN FOUNDATION VIRGINIA CORPORATION,99310282.0,2020,4435983.0,$50M - $100M,94874968.0,669.0
CS Fund/Warsh Mott Legacy,https://projects.propublica.org/nonprofits/organizations/680049658,WARSH MOTT LEGACY,38553831.0,2020,2575139.0,$10M - $50M,36168692.0,190000.0
Craigslist Charitable Fund,https://projects.propublica.org/nonprofits/organizations/263823367,CRAIGSLIST CHARITABLE FUND,28608394.0,2019,612587.0,$10M - $50M,28138420.0,142613.0
Crosscurrents Foundation,https://projects.propublica.org/nonprofits/organizations/205557338,CROSSCURRENTS FOUNDATION INC,719398.0,2020,504670.0,Under $1 Million,215612.0,884.0
Nathan Cummings Foundation,https://projects.propublica.org/nonprofits/organizations/237093201,THE NATHAN CUMMINGS FOUNDATION INC,464437536.0,2020,2680263.0,$100M - $500M,472595985.0,10838712.0
Devon Creek Foundation,https://projects.propublica.org/nonprofits/organizations/471903487,DEVON CREEK FOUNDATION,6956108.0,2020,244047.0,$5M - $10M,6712062.0,1.0
William H. Donner Foundation,https://projects.propublica.org/nonprofits/organizations/231611346,WILLIAM H DONNER FOUNDATION INC,226647854.0,2020,27539259.0,$100M - $500M,199904425.0,795830.0
Dorsey & Whitney Foundation,https://projects.propublica.org/nonprofits/organizations/411424522,THE DORSEY AND WHITNEY FOUNDATION,3307529.0,2020,3048283.0,$1M - $5M,259246.0,0.0
Emerson Charitable Trust,https://projects.propublica.org/nonprofits/organizations/526200123,EMERSON ELEC CHARITABLE TRUST,44910439.0,2020,33736504.0,$10M - $50M,11173936.0,1.0
Jessie Ball DuPont Fund,https://projects.propublica.org/nonprofits/organizations/596368632,JESSIE BALL DUPONT RELIGIOUS CHARITABLE & EDUCATIONAL FUND,312900359.0,2020,23306581.0,$100M - $500M,298095681.0,8501903.0
Moses Feldman Family Foundation,https://projects.propublica.org/nonprofits/organizations/202086533,THE@MOSES FELDMAN FAMILY FOUNDATION,56259766.0,2020,932731.0,$50M - $100M,55327036.0,1.0
Leland Fikes Foundation,https://projects.propublica.org/nonprofits/organizations/756035984,LELAND FIKES FOUNDATION INC,78344244.0,2020,6970975.0,$50M - $100M,71373270.0,1.0
F Three Foundation,https://projects.propublica.org/nonprofits/organizations/943376857,FTHREE FOUNDATION,21711284.0,2020,1363579.0,$10M - $50M,20347706.0,1.0
Gannett Foundation,https://projects.propublica.org/nonprofits/organizations/541568843,GANNETT FOUNDATIONS INC,4779799.0,2020,3617013.0,$1M - $5M,1162787.0,1.0
David Geffen Foundation,https://projects.propublica.org/nonprofits/organizations/954085811,THE DAVID GEFFEN FOUNDATION,561189550.0,2020,34367562.0,$500M+,526821989.0,1.0
General Service Foundation,https://projects.propublica.org/nonprofits/organizations/366018535,GENERAL SERVICE FOUNDATION,77812072.0,2020,3471730.0,$50M - $100M,77016525.0,2676183.0
Wallace Alexander Gebode Foundation,https://projects.propublica.org/nonprofits/organizations/946065226,GERBODE FOUNDATION,41902522.0,2020,2854858.0,$10M - $50M,39503031.0,455367.0
Green Family Foundation,https://projects.propublica.org/nonprofits/organizations/204256553,GREEN FAMILY FOUNDATION INC,21220305.0,2020,570877.0,$10M - $50M,20649429.0,1.0
William and Flora Hewlett Foundation,https://projects.propublica.org/nonprofits/organizations/941655673,WILLIAM & FLORA HEWLETT FOUNDATION,13607473590.0,2020,910160539.0,$500M+,13293329462.0,596016411.0
Hill-Snowdon Foundation,https://projects.propublica.org/nonprofits/organizations/226081122,HILL SNOWDON FOUNDATION,50302243.0,2020,5782784.0,$50M - $100M,44801302.0,281843.0
Hutchins Family Foundation,https://projects.propublica.org/nonprofits/organizations/371501785,HUTCHINS FAMILY FOUNDATION INC,60859437.0,2020,32283792.0,$50M - $100M,28575646.0,1.0
James Irvine Foundation,https://projects.propublica.org/nonprofits/organizations/941236937,JAMES IRVINE FOUNDATION,3685128117.0,2020,217446676.0,$500M+,3607350903.0,139669462.0
Johnson Family Foundation,https://projects.propublica.org/nonprofits/organizations/311542859,JOHNSON FAMILY FOUNDATION,13581996.0,2021,965818.0,$10M - $50M,12616179.0,1.0
Joyce Foundation,https://projects.propublica.org/nonprofits/organizations/366079185,JOYCE FOUNDATION,1308356103.0,2020,69582837.0,$500M+,1250776117.0,12002851.0
Klarman Family Foundation,https://projects.propublica.org/nonprofits/organizations/43105768,KLARMAN FAMILY FOUNDATION,825610929.0,2020,116633700.0,$500M+,708987241.0,10012.0
Kohlberg Foundation,https://projects.propublica.org/nonprofits/organizations/133496263,KOHLBERG FOUNDATION INC,203804219.0,2020,17933951.0,$100M - $500M,185870269.0,1.0
Eugene M. Lang Foundation,https://projects.propublica.org/nonprofits/organizations/136153412,EUGENE M LANG FOUNDATION,39662898.0,2020,4496115.0,$10M - $50M,35166784.0,1.0
Jacob and Valeria Langeloth Foundation,https://projects.propublica.org/nonprofits/organizations/131773646,JACOB & VALERIA LANGELOTH FOUNDATION,88337204.0,2020,8210769.0,$50M - $100M,80126436.0,1.0
Lauder Foundation,https://projects.propublica.org/nonprofits/organizations/136153743,LAUDER FOUNDATION INC,7412906.0,2020,131626.0,$5M - $10M,7281281.0,1.0
Lear Foundation,https://projects.propublica.org/nonprofits/organizations/954661216,LEAR FAMILY FOUNDATION,12531068.0,2020,1411841.0,$10M - $50M,11190083.0,70856.0
Leon Levy Foundation,https://projects.propublica.org/nonprofits/organizations/306085406,LEON LEVY FOUNDATION,477943320.0,2020,37863642.0,$100M - $500M,494466115.0,54386437.0
Leonard-Litz Foundation,https://projects.propublica.org/nonprofits/organizations/237069620,THE LAW FOUNDATION OF THE UNIVERSITY OF MISSOURI-KANSAS CITY,15209520.0,2021,1563321.0,$10M - $50M,13646199.0,0.0
Philip and Janice Levin Foundation,https://projects.propublica.org/nonprofits/organizations/226075837,PHILIP AND JANICE LEVIN FOUNDATION,13553950.0,2020,791811.0,$10M - $50M,19183323.0,6421184.0
Lodestar Foundation,https://projects.propublica.org/nonprofits/organizations/860965287,LODESTAR CHARITABLE FOUNDATION,776979.0,2020,35720.0,Under $1 Million,745358.0,4099.0
Henry Luce Foundation,https://projects.propublica.org/nonprofits/organizations/136001282,HENRY LUCE FOUNDATION INC,1072934374.0,2020,73513240.0,$500M+,1038042559.0,38621425.0
Lumina Foundation,https://projects.propublica.org/nonprofits/organizations/351813228,LUMINA FOUNDATION FOR EDUCATION INC,1527139871.0,2020,124727424.0,$500M+,1416758091.0,14345644.0
Barbara McDowell and Gerald S. Hartman Foundation,https://projects.propublica.org/nonprofits/organizations/135673173,JOHN SIMON GUGGENHEIN MEMORIAL FOUNDATION,387714290.0,2020,37909614.0,$100M - $500M,366468536.0,16663860.0
Media Democracy Fund,https://projects.propublica.org/nonprofits/organizations/383926408,DEMOCRACY FUND INC,138327825.0,2020,65793183.0,$100M - $500M,83492609.0,10957967.0
Mize Family Foundation,https://projects.propublica.org/nonprofits/organizations/271374636,MIZE FAMILY FOUNDATION,1034291.0,2020,266162.0,$1M - $5M,768130.0,1.0
Mozilla Foundation,https://projects.propublica.org/nonprofits/organizations/200097189,MOZILLA FOUNDATION,90976425.0,2020,26523745.0,$50M - $100M,66895760.0,2443080.0
Charles Stewart Mott Foundation,https://projects.propublica.org/nonprofits/organizations/381211227,CHARLES STEWART MOTT FOUNDATION,4088521775.0,2020,248723144.0,$500M+,3940484030.0,100685399.0
Ms. Foundation for Women,https://projects.propublica.org/nonprofits/organizations/237252609,MS FOUNDATION FOR WOMEN INC,49566145.0,2020,4155759.0,$10M - $50M,48461151.0,3050765.0
Neall Family Foundation,https://projects.propublica.org/nonprofits/organizations/541924107,NEALL FAMILY CHARITABLE FOUNDATION,27384419.0,2021,4750068.0,$10M - $50M,22634352.0,1.0
New Community Fund,https://projects.propublica.org/nonprofits/organizations/215731008,NEW COMMUNITY FUND INC,1961276.0,2020,152389.0,$1M - $5M,1808888.0,1.0
New Society Fund,https://projects.propublica.org/nonprofits/organizations/541847581,NEW SOCIETY FUND,15909487.0,2020,1499022.0,$10M - $50M,14410466.0,1.0
New World Foundation,https://projects.propublica.org/nonprofits/organizations/131919791,NEW WORLD FOUNDATION,217471909.0,2020,43812072.0,$100M - $500M,187057457.0,13397620.0
Obendorf Foundation,https://projects.propublica.org/nonprofits/organizations/680299542,BILL AND SUSAN OBERNDORF FOUNDATION,172725056.0,2020,60521504.0,$100M - $500M,112203553.0,1.0
Overbrook Foundation,https://projects.propublica.org/nonprofits/organizations/136088860,OVERBROOK FOUNDATION,197727944.0,2020,8819200.0,$100M - $500M,192018982.0,3110238.0
Peace Development Fund,https://projects.propublica.org/nonprofits/organizations/42738794,PEACE DEVELOPMENT FUND INC,5903170.0,2020,3937107.0,$5M - $10M,2053644.0,87581.0
Peter G. Peterson Foundation,https://projects.propublica.org/nonprofits/organizations/260316905,PETER G PETERSON FOUNDATION,856054480.0,2020,52625042.0,$500M+,821391908.0,17962470.0
Pink House Foundation,https://projects.propublica.org/nonprofits/organizations/274815378,PINK HOUSE FOUNDATION INC,2271656.0,2020,1311302.0,$1M - $5M,960355.0,1.0
John Pritzker Family Fund,https://projects.propublica.org/nonprofits/organizations/300039815,JOHN PRITZKER FAMILY FUND,12077745.0,2020,34846959.0,$10M - $50M,10981766.0,33750980.0
Public Welfare Foundation,https://projects.propublica.org/nonprofits/organizations/540597601,PUBLIC WELFARE FOUNDATION INC,572533677.0,2020,41854063.0,$500M+,555879111.0,25199497.0
Radio Television Digital News Foundation,https://projects.propublica.org/nonprofits/organizations/381860090,RADIO & TELEVISION NEWS DIRECTORS FOUNDATION,2530696.0,2020,342877.0,$1M - $5M,2380369.0,192550.0
The Bernard and Audre Rapoport Foundation,https://projects.propublica.org/nonprofits/organizations/742479712,BERNARD & AUDRE RAPOPORT FOUNDATION,42653737.0,2020,1639405.0,$10M - $50M,61881351.0,20867019.0
Rockefeller Family Fund,https://projects.propublica.org/nonprofits/organizations/136257658,ROCKEFELLER FAMILY FUND INC,194425238.0,2020,43772368.0,$100M - $500M,156631848.0,5978978.0
Rosenkranz Foundation,https://projects.propublica.org/nonprofits/organizations/133940017,ROSENKRANZ FOUNDATION INC,18831765.0,2020,7199599.0,$10M - $50M,15260555.0,3628389.0
Rosenthal Family Foundation,https://projects.propublica.org/nonprofits/organizations/262982710,ROSENTHAL FAMILY FOUNDATION,13774989.0,2020,2933514.0,$10M - $50M,10932348.0,90873.0
Samuel Rubin Foundation,https://projects.propublica.org/nonprofits/organizations/136164671,SAMUEL RUBIN FOUNDATION INC,10883145.0,2021,274566.0,$10M - $50M,10608580.0,1.0
Satter Foundation,https://projects.propublica.org/nonprofits/organizations/133936468,SATTER FOUNDATION,29422017.0,2020,3467590.0,$10M - $50M,25954428.0,1.0
Cameron Schrier Foundation,https://projects.propublica.org/nonprofits/organizations/208090285,EGG FOUNDATION,80304605.0,2020,7385797.0,$50M - $100M,77928669.0,5009861.0
Sea Change Foundation,https://projects.propublica.org/nonprofits/organizations/204952986,SEA CHANGE FOUNDATION,386541356.0,2020,70659288.0,$100M - $500M,316657107.0,775039.0
Stephen M. Silberstein Foundation,https://projects.propublica.org/nonprofits/organizations/911852739,STEPHEN M SILBERSTEIN FOUNDATION,86483568.0,2020,3013132.0,$50M - $100M,83470437.0,1.0
Paul E. Singer Foundation,https://projects.propublica.org/nonprofits/organizations/272009342,PAUL E SINGER FOUNDATION,455134140.0,2020,3915843.0,$100M - $500M,451224968.0,6671.0
Alan B. Slifka Foundation,https://projects.propublica.org/nonprofits/organizations/136192257,ALAN B SLIFKA FOUNDATION INC,69101827.0,2020,2272843.0,$50M - $100M,66828985.0,1.0
Solidago Foundation,https://projects.propublica.org/nonprofits/organizations/202963670,SOLIDAGO FOUNDATION,4412679.0,2020,3729631.0,$1M - $5M,1448252.0,765204.0
Jennifer and Jonathan Allen Soros Foundation,https://projects.propublica.org/nonprofits/organizations/800464952,JENNIFER AND JONATHAN ALLAN SOROS FOUNDATION,226120207.0,2019,30485402.0,$100M - $500M,195634805.0,0.0
Sparkplug Foundation,https://projects.propublica.org/nonprofits/organizations/331033952,SPARKPLUG FOUNDATION,6306210.0,2020,601650.0,$5M - $10M,5709560.0,5000.0
Starr Foundation,https://projects.propublica.org/nonprofits/organizations/136151545,STARR FOUNDATION,1397597225.0,2020,137325273.0,$500M+,1260355991.0,84039.0
Irvin Stern Foundation,https://projects.propublica.org/nonprofits/organizations/366047947,IRVIN STERN FOUNDATION,8568516.0,2020,-1404802.0,$5M - $10M,9973319.0,1.0
Barbara Stiefel Foundation,https://projects.propublica.org/nonprofits/organizations/270878154,BARBARA A STIEFEL FOUNDATION INC,325637.0,2020,193594.0,Under $1 Million,132044.0,1.0
Streisand Foundation,https://projects.propublica.org/nonprofits/organizations/132620702,BARBRA STREISAND FOUNDATION,6961966.0,2015,341162.0,$5M - $10M,8078352.0,1457548.0
The Sunflower Foundation,https://projects.propublica.org/nonprofits/organizations/952644098,SUNFLOWER FOUNDATION,1890633.0,2020,106002.0,$1M - $5M,1784632.0,1.0
Sunlight Foundation,https://projects.propublica.org/nonprofits/organizations/621809916,SUNLIGHT FOUNDATION,5248061.0,2020,519258.0,$5M - $10M,4728804.0,1.0
Swanne Hunt Foundation,https://projects.propublica.org/nonprofits/organizations/841101901,SWANEE HUNT FAMILY FOUNDATION,10006447.0,2019,1322597.0,$10M - $50M,8911014.0,227164.0
Third Wave Fund,https://projects.propublica.org/nonprofits/organizations/133670260,THIRD WAVE FOUNDATION,143554.0,2014,12753.0,Under $1 Million,138801.0,8000.0
Threshold Foundation,https://projects.propublica.org/nonprofits/organizations/133028214,THE THRESHOLD FOUNDATION,7832438.0,2020,2695406.0,$5M - $10M,5170945.0,33913.0
Triad Foundation,https://projects.propublica.org/nonprofits/organizations/300108102,TRIAD FOUNDATION INC,345497313.0,2020,10164822.0,$100M - $500M,344834010.0,9501519.0
Wallace Global Fund,https://projects.propublica.org/nonprofits/organizations/800424607,WALLACE GLOBAL FUND II,137133263.0,2020,11064230.0,$100M - $500M,134675174.0,8606141.0
Werner-Kohnstamm Family Fund,https://projects.propublica.org/nonprofits/organizations/931160719,KOHNSTAMM FAMILY FOUNDATION,1429993.0,2020,320179.0,$1M - $5M,1109815.0,1.0
Wikimedia Foundation,https://projects.propublica.org/nonprofits/organizations/200049703,WIKIMEDIA FOUNDATION ORG,304946992.0,2020,124631267.0,$100M - $500M,191262962.0,10947237.0
Wilf Family Foundations,https://projects.propublica.org/nonprofits/organizations/226075840,WILF FAMILY FOUNDATION,104924449.0,2020,11303262.0,$100M - $500M,93621188.0,1.0
Zoom Foundation,https://projects.propublica.org/nonprofits/organizations/61600601,ZOOM FOUNDATION,1157380853.0,2021,273929631.0,$500M+,883451223.0,1.0
Gula Foundation
Blue Cross and Blue Shield of North Carolina Foundation,https://projects.propublica.org/nonprofits/organizations/562226009,BLUE CROSS AND BLUE SHIELD OF NORTH CAROLINA FOUNDATION,211798308.0,2020,16657211.0,$100M - $500M,205228654.0,10087557.0
Bullitt Foundation,https://projects.propublica.org/nonprofits/organizations/916027795,BULLITT FOUNDATION,66740192.0,2020,1588791.0,$50M - $100M,65390606.0,239205.0
Butterfly Equity Foundation,https://projects.propublica.org/nonprofits/organizations/814015045,BUTTERFLY EQUITY FOUNDATION,890534.0,2020,77950.0,Under $1 Million,815256.0,2672.0
California Certified Organic Farmers Foundation,https://projects.propublica.org/nonprofits/organizations/300106255,CCOF FOUNDATION,1966114.0,2020,1573588.0,$1M - $5M,882769.0,490243.0
Claneil Foundation,https://projects.propublica.org/nonprofits/organizations/236445450,CLANEIL FOUNDATION INC,70083658.0,2020,7875439.0,$50M - $100M,64385310.0,2177091.0
Clarence E. Heller Charitable Foundation,https://projects.propublica.org/nonprofits/organizations/942814266,CLARENCE E HELLER CHARITABLE FOUNDATION,74837816.0,2020,76285.0,$50M - $100M,74948767.0,187236.0
Clementine Fund,https://projects.propublica.org/nonprofits/organizations/911950165,CLEMENTINE FUND,42234.0,2020,33500.0,Under $1 Million,8735.0,1.0
Elmina B. Sewall Foundation,https://projects.propublica.org/nonprofits/organizations/10387404,ELMINA B SEWALL FOUNDATION,214640330.0,2020,18229129.0,$100M - $500M,198399545.0,1988344.0
Emily Hall Tremaine Foundation,https://projects.propublica.org/nonprofits/organizations/222533743,THE EMILY HALL TREMAINE FOUNDATION INC,74014422.0,2020,2954885.0,$50M - $100M,71060647.0,1110.0
Food and Farm Communications Fund,https://projects.propublica.org/nonprofits/organizations/264499028,FARM FOUNDATION,3042833.0,2020,2264892.0,$1M - $5M,985759.0,207818.0
Food Animal Concerns Trust (FACT),https://projects.propublica.org/nonprofits/organizations/363172605,FOOD ANIMAL CONCERNS TRUST,2012834.0,2021,844313.0,$1M - $5M,1189056.0,20535.0
From Now On Fund,https://projects.propublica.org/nonprofits/organizations/475178715,IF NOT NOW EDUCATION FUND,1087752.0,2020,655334.0,$1M - $5M,507225.0,74807.0
Henry P. Kendall Foundation,https://projects.propublica.org/nonprofits/organizations/46029103,HENRY P KENDALL FOUNDATION TRUST,101651172.0,2020,1803297.0,$100M - $500M,99878743.0,30868.0
Ida and Robert Gordon Family Foundation,https://projects.propublica.org/nonprofits/organizations/474828639,IDA AND ROBERT GORDON FAMILY FOUNDATION INC,9348413.0,2020,1472995.0,$5M - $10M,7875419.0,1.0
Joyce and Irving Goldman Family Foundation,https://projects.propublica.org/nonprofits/organizations/133216152,JOYCE & IRVING GOLDMAN FAMILY FOUNDATION INC,209901383.0,2020,11948712.0,$100M - $500M,197952672.0,1.0
Kinship Foundation,https://projects.propublica.org/nonprofits/organizations/383444860,KINSHIP FOUNDATION,552153.0,2019,29103.0,Under $1 Million,523050.0,0.0
Lora and Martin Kelley Family Foundation,https://projects.propublica.org/nonprofits/organizations/476174269,LORA L & MARTIN N KELLEY FAMILY FOUNDATION TRUST,22937711.0,2020,1625991.0,$10M - $50M,21311721.0,1.0
Lydia B. Stokes Foundation,https://projects.propublica.org/nonprofits/organizations/216016107,LYDIA B STOKES FOUNDATION,5206995.0,2020,103543.0,$5M - $10M,5103453.0,1.0
Michigan Health Endowment Fund,https://projects.propublica.org/nonprofits/organizations/465054207,MICHIGAN HEALTH ENDOWMENT FUND,385156991.0,2020,101890757.0,$100M - $500M,302224994.0,18958760.0
New Hampshire Community Loan Fund,https://projects.propublica.org/nonprofits/organizations/222524015,NEW HAMPSHIRE COMMUNITY LOAN FUND,47535394.0,2021,13877198.0,$10M - $50M,176989258.0,143331062.0
New York Health Foundation,https://projects.propublica.org/nonprofits/organizations/472954409,NEWYORK HEALTH FOUNDATION INC,95.0,2020,0.0,Under $1 Million,95.0,0.0
Panta Rhea Foundation,https://projects.propublica.org/nonprofits/organizations/330381281,PANTA RHEA FOUNDATION INC,17234568.0,2020,-1020640.0,$10M - $50M,18630509.0,375301.0
Ralph E. Ogden Foundation,https://projects.propublica.org/nonprofits/organizations/141455902,RALPH E OGDEN FOUNDATION INC,36327183.0,2019,1308826.0,$10M - $50M,35184324.0,165967.0
Regenerative Agriculture Foundation,https://projects.propublica.org/nonprofits/organizations/134188834,SUSTAINABLE MARKETS FOUNDATION,39983000.0,2020,23478528.0,$10M - $50M,17113701.0,609229.0
Sierra Health Foundation,https://projects.propublica.org/nonprofits/organizations/680050036,SIERRA HEALTH FOUNDATION,61516936.0,2019,6954079.0,$50M - $100M,64607503.0,10044646.0
Surdna Foundation,https://projects.propublica.org/nonprofits/organizations/136108163,SURDNA FOUNDATION INC,1026567127.0,2020,71392126.0,$500M+,997976972.0,42801971.0
Sustainable Agriculture and Food Systems Funders,https://projects.propublica.org/nonprofits/organizations/832593081,SUSTAINABLE AGRICULTURE AND FOOD SYSTEMS FUNDERS,3313618.0,2020,1930436.0,$1M - $5M,1732254.0,349072.0
The Casey and Family Foundation,https://projects.propublica.org/nonprofits/organizations/276364101,CASEY & FAMILY FOUNDATION,40545047.0,2020,1554942.0,$10M - $50M,38990106.0,1.0
The Keith Campbell Foundation for the Environment,https://projects.propublica.org/nonprofits/organizations/522136842,THE KEITH CAMPBELL FOUNDATION FOR THE ENVIRONMENT INC,260198187.0,2020,16485986.0,$100M - $500M,249777891.0,6065690.0
The Lumpkin Family Foundation,https://projects.propublica.org/nonprofits/organizations/237423640,THE LUMPKIN FAMILY FOUNDATION,40656140.0,2020,2510351.0,$10M - $50M,38145790.0,1.0
The Nell Newman Foundation,https://projects.propublica.org/nonprofits/organizations/271972605,THE NELL NEWMAN FOUNDATION INC,1461922.0,2020,133121.0,$1M - $5M,1587321.0,258520.0
The Russell Family Foundation,https://projects.propublica.org/nonprofits/organizations/911663336,THE RUSSELL FAMILY FOUNDATION,167047277.0,2020,4942450.0,$100M - $500M,163076402.0,971575.0
The Sandy River Charitable Foundation,https://projects.propublica.org/nonprofits/organizations/522029911,SANDY RIVER CHARITABLE FOUNDATION,39010880.0,2020,3043089.0,$10M - $50M,35967792.0,1.0
The Western New York Foundation,https://projects.propublica.org/nonprofits/organizations/160845962,THE WESTERN NEW YORK FOUNDATION,23429943.0,2021,1154730.0,$10M - $50M,22275214.0,1.0
Thread Fund,https://projects.propublica.org/nonprofits/organizations/474054831,THREADED,87582.0,2020,30155.0,Under $1 Million,57468.0,41.0
TomKat Ranch Educational Foundation,https://projects.propublica.org/nonprofits/organizations/262782200,TOMKAT RANCH EDUCATIONAL FOUNDATION,5077669.0,2020,3431609.0,$5M - $10M,2076003.0,429943.0
Walter S. Mander Foundation,https://projects.propublica.org/nonprofits/organizations/363961599,WALTER S MANDER FOUNDATION,8607490.0,2020,572141.0,$5M - $10M,8035349.0,0.0
National AI Institute on the Foundations of Machine Learning (IFML),https://projects.propublica.org/nonprofits/organizations/582565917,MACHINE INTELLIGENCE RESEARCH INSTITUTE INC,17398482.0,2020,7839756.0,$10M - $50M,9846919.0,288193.0
Arthur N. Rupe Foundation,https://projects.propublica.org/nonprofits/organizations/770278838,ARTHUR N RUPE FOUNDATION,114354667.0,2020,6682132.0,$100M - $500M,107674827.0,2292.0
Americana Foundation,https://projects.propublica.org/nonprofits/organizations/382269431,THE AMERICANA FOUNDATION 71089,23758241.0,2020,1797217.0,$10M - $50M,22134730.0,173706.0
Angell Foundation,https://projects.propublica.org/nonprofits/organizations/10789717,ANGELL FOUNDATION,140615165.0,2020,10821921.0,$100M - $500M,129849291.0,56047.0
Avila Fund,https://projects.propublica.org/nonprofits/organizations/273714084,AVILA FOUNDATION,1770802.0,2021,1326524.0,$1M - $5M,634026.0,189748.0
Cedar Tree Foundation,https://projects.propublica.org/nonprofits/organizations/133601934,CEDAR TREE FOUNDATION INC,112237355.0,2020,7469490.0,$100M - $500M,114630365.0,9862500.0
Chef Ann Foundation,https://projects.propublica.org/nonprofits/organizations/262496810,CHEF ANN FOUNDATION,3739018.0,2020,2361662.0,$1M - $5M,1770231.0,392875.0
CS Fund,https://projects.propublica.org/nonprofits/organizations/953607882,C S FUND,9636302.0,2020,3087833.0,$5M - $10M,7253232.0,704763.0
Frost Family Foundation,https://projects.propublica.org/nonprofits/organizations/273374284,FROST FAMILY FOUNDATION,8890087.0,2021,1399616.0,$5M - $10M,7490472.0,1.0
Gaia Fund,https://projects.propublica.org/nonprofits/organizations/943215541,GAIA FUND,42448770.0,2020,838263.0,$10M - $50M,42684175.0,1073668.0
GRACE Communications Foundation,https://projects.propublica.org/nonprofits/organizations/264777735,GRACE COMMUNICATIONS FOUNDATION INC,20019300.0,2020,7447340.0,$10M - $50M,12571961.0,1.0
HRK Foundation,https://projects.propublica.org/nonprofits/organizations/416020911,HRK FOUNDATION,40297950.0,2020,3550930.0,$10M - $50M,36795091.0,48071.0
Kansas Health Foundation,https://projects.propublica.org/nonprofits/organizations/480873431,KANSAS HEALTH FOUNDATION,439236234.0,2020,64992363.0,$100M - $500M,388699972.0,14456101.0
Lawson Valentine Foundation,https://projects.propublica.org/nonprofits/organizations/136920044,LAWSON VALENTINE FOUNDATION,17312004.0,2020,1092980.0,$10M - $50M,16219025.0,1.0
Marisla Foundation,https://projects.propublica.org/nonprofits/organizations/330200133,THE MARISLA FOUNDATION,42809927.0,2020,34472768.0,$10M - $50M,22082654.0,13745495.0
McKnight Foundation,https://projects.propublica.org/nonprofits/organizations/410754835,MCKNIGHT FOUNDATION,2839828933.0,2020,132141977.0,$500M+,2844919359.0,137232403.0
North Star Fund,https://projects.propublica.org/nonprofits/organizations/132950801,NORTH STAR FUND INC,26119064.0,2020,14949034.0,$10M - $50M,11736086.0,566056.0
Northwest Area Foundation,https://projects.propublica.org/nonprofits/organizations/410719221,NORTHWEST AREA FOUNDATION,541520208.0,2020,38144816.0,$500M+,512755007.0,9379615.0
Prince Charitable Trusts,https://projects.propublica.org/nonprofits/organizations/66113364,GRACE E B PRINCE CHARITABLE TRUST,1007617.0,2020,83108.0,$1M - $5M,924510.0,1.0
Tamalpais Trust,https://projects.propublica.org/nonprofits/organizations/237088700,TAMALPAIS PACIFIC,7372773.0,2020,256855.0,$5M - $10M,7115918.0,0.0
The Boston Foundation,https://projects.propublica.org/nonprofits/organizations/42104021,BOSTON FOUNDATION INC,1375362583.0,2020,182767888.0,$500M+,1201631617.0,9036922.0
The Conservation Fund,https://projects.propublica.org/nonprofits/organizations/521388917,THE CONSERVATION FUND A NONPROFIT CORPORATION,692037560.0,2020,262539242.0,$500M+,898244134.0,468745816.0
The Germeshausen Foundation,https://projects.propublica.org/nonprofits/organizations/43485516,GERMESHAUSEN FOUNDATION INC,24748605.0,2020,2109661.0,$10M - $50M,22638945.0,1.0
The Kresge Foundation,https://projects.propublica.org/nonprofits/organizations/381359217,KRESGE FOUNDATION,4396138859.0,2020,288149512.0,$500M+,4221623029.0,113633682.0
The Marcus Foundation,https://projects.propublica.org/nonprofits/organizations/581815651,MARCUS FOUNDATION INC,25055278.0,2020,247225335.0,$10M - $50M,97501290.0,319671347.0
The Rockefeller Foundation,https://projects.propublica.org/nonprofits/organizations/131659629,ROCKEFELLER FOUNDATION,6637104358.0,2020,356063644.0,$500M+,7117904789.0,836864075.0
The Roundhouse Foundation,https://projects.propublica.org/nonprofits/organizations/226930631,ROUNDHOUSE FOUNDATION IRRV CHARITABLE TR,244765065.0,2020,114339269.0,$100M - $500M,130425797.0,1.0
The Shachar Foundation,https://projects.propublica.org/nonprofits/organizations/137486623,SHACHAR FOUNDATION TR,4784838.0,2020,921439.0,$1M - $5M,3863400.0,1.0
Thornburg Foundation,https://projects.propublica.org/nonprofits/organizations/850457010,THORNBURG FOUNDATION,121403316.0,2020,6336504.0,$100M - $500M,115067484.0,672.0
Three Sisters Fund,https://projects.propublica.org/nonprofits/organizations/201848629,THREE SISTERS FOUNDATION,12052.0,2015,10000.0,Under $1 Million,2053.0,1.0
Vatheuer Family Foundation,https://projects.propublica.org/nonprofits/organizations/931218806,VATHEUER FAMILY FOUNDATION INC,55506498.0,2020,3733677.0,$50M - $100M,51985885.0,213064.0
National Science Foundation,https://projects.propublica.org/nonprofits/organizations/383364306,N S F FOUNDATION,856865.0,2020,-12621.0,Under $1 Million,873486.0,4000.0
Stanton Foundation,https://projects.propublica.org/nonprofits/organizations/133598005,THE STANTON FOUNDATION,151359065.0,2020,16802847.0,$100M - $500M,134556219.0,1.0
Erik E. and Edith H. Bergstrom Foundation,https://projects.propublica.org/nonprofits/organizations/912155835,ERIK E AND EDITH H BERGSTROM FOUNDATION A CHARITABLE TRUST,189136822.0,2020,13150451.0,$100M - $500M,182829101.0,6842730.0
Laudes Foundation,https://projects.propublica.org/nonprofits/organizations/272049290,LAU HEALTH FOUNDATION INC,11850.0,2020,9314.0,Under $1 Million,29136.0,26600.0
Pro Victimis Foundation,https://projects.propublica.org/nonprofits/organizations/591669254,NATIONAL ORGANIZATION FOR VICTIM ASSISTANCE INC,6424502.0,2020,2861002.0,$5M - $10M,3868051.0,304551.0
The Charles Leopold Mayer Foundation for Human Progress,https://projects.propublica.org/nonprofits/organizations/20569535,MAYER FOUNDATION,172668.0,2020,65018.0,Under $1 Million,107651.0,1.0
The Comcast Foundation,https://projects.propublica.org/nonprofits/organizations/510390132,THE COMCAST NBCUNIVERSAL FOUNDATION,26433493.0,2020,25679760.0,$10M - $50M,16720236.0,15966503.0
Thiel Foundation,https://projects.propublica.org/nonprofits/organizations/203846597,THE THIEL FOUNDATION,43211251.0,2020,13359843.0,$10M - $50M,32930009.0,3078601.0
The Comcast NBCUniversal Foundation,https://projects.propublica.org/nonprofits/organizations/510390132,THE COMCAST NBCUNIVERSAL FOUNDATION,26433493.0,2020,25679760.0,$10M - $50M,16720236.0,15966503.0
Growald Climate Fund,https://projects.propublica.org/nonprofits/organizations/464209325,GROWALD CLIMATE FUND INC,14833661.0,2020,6443289.0,$10M - $50M,11962826.0,3572454.0
IFRS Foundation,https://projects.propublica.org/nonprofits/organizations/134164140,INTERNATIONAL FINANCIAL REPORTING STANDARDS FOUNDATION,95417294.0,2020,38709138.0,$50M - $100M,71072950.0,14364794.0
Northern Trust Asset Management,https://projects.propublica.org/nonprofits/organizations/266439569,NORTHERN HORIZONS TR,296815.0,2021,16077.0,Under $1 Million,280739.0,1.0
Wayfarer Foundation,https://projects.propublica.org/nonprofits/organizations/364848111,BELOVEORG,198814.0,2020,154764.0,Under $1 Million,75447.0,31397.0
Helmsley Charitable Trust,https://projects.propublica.org/nonprofits/organizations/137184401,LEONA M & HARRY B HELMSLEY CHARITABLE TRUST,6286731271.0,2020,743305807.0,$500M+,5911771397.0,368345933.0
Kavli Foundation,https://projects.propublica.org/nonprofits/organizations/770560142,KAVLI FOUNDATION,573311395.0,2020,3680027.0,$500M+,637506324.0,67874956.0
American Association of Obseatricians and Gynecologists Foundation,https://projects.propublica.org/nonprofits/organizations/386042799,AMERICAN ASSOCIATION OF OBSTETRICIANS AND GYNECOLOGISTS FO,15624514.0,2020,1119965.0,$10M - $50M,14979649.0,475100.0
Cynthia & George Mitchell Foundation,https://projects.propublica.org/nonprofits/organizations/742170127,CYNTHIA & GEO MITCHELL FOUNDATION,228211473.0,2020,-162759090.0,$100M - $500M,390970808.0,245.0
The Foundation for Defense of Democracies,https://projects.propublica.org/nonprofits/organizations/134174402,FOUNDATION FOR THE DEFENSE OF DEMOCRACIES INC,45180848.0,2020,15032714.0,$10M - $50M,33130022.0,2981888.0
Pew Charitable Trusts,https://projects.propublica.org/nonprofits/organizations/562307147,PEW CHARITABLE TRUSTS,1233968697.0,2020,346765756.0,$500M+,1299222104.0,412019163.0
The Gerald Schwartz Heather Reisman Foundation
JW Couch Foundation,https://projects.propublica.org/nonprofits/organizations/811587228,JESSE W COUCH CHARITABLE FOUNDATION,34169547.0,2020,1611605.0,$10M - $50M,32557943.0,1.0California Health Care Foundation,https://projects.propublica.org/nonprofits/organizations/954523231,California Healthcare Foundation,914650472.0,2021,1471160.0,$500M+,959743597.0,46564285.0
Digital Infrastructure Fund,https://projects.propublica.org/nonprofits/organizations/273238471,America Achieves Inc,22520349.0,2021,13119460.0,$10M - $50M,13989559.0,4588670.0
Seed to Sale Funding,https://projects.propublica.org/nonprofits/organizations/352285618,Seed Fund Grants Inc,10610434.0,2020,1173139.0,$10M - $50M,9988174.0,550879.0
Lead Funding,https://projects.propublica.org/nonprofits/organizations/472471572,Lead,-11725615.0,2021,1014429.0,Under $1 Million,1028897.0,13768941.0
